# Table Ciqual 2025 (Anses, doi:10.57745/RDMHWY), Licence Ouverte Etalab 2.0. Colonnes : nom, kcal, protéines, glucides, lipides, groupe (pour 100 g)
Abat, cuit (aliment moyen)	159	27.4	2.2	4.6	viandes, oeufs, poissons
Abondance	393	27.1	0	31.6	produits laitiers
Abricot au sirop (sans précision sur léger ou classique), appertisé, égoutté (aliment moyen)	67.9	0.6	15.5	0	fruits, légumes, légumineuses et oléagineux
Abricot au sirop léger, appertisé, non égoutté	62.5	0.8	14	0	fruits, légumes, légumineuses et oléagineux
Abricot au sirop léger, appertisé, égoutté	61.1	0.9	13.5	0	fruits, légumes, légumineuses et oléagineux
Abricot au sirop, appertisé, non égoutté	69.7	0.3	16.3	0	fruits, légumes, légumineuses et oléagineux
Abricot au sirop, appertisé, égoutté	69.6	0.5	16	0	fruits, légumes, légumineuses et oléagineux
Abricot, dénoyauté, cru	44.1	0.8	9	0	fruits, légumes, légumineuses et oléagineux
Abricot, dénoyauté, sec	239	2.9	59.1	0.5	fruits, légumes, légumineuses et oléagineux
Abricot, dénoyauté, sec, moelleux (réhydraté à 35-45%)	200	2.3	51.1	0.4	fruits, légumes, légumineuses et oléagineux
Accra de poisson, préemballé	275	12.4	15.1	17.6	viandes, oeufs, poissons
Agar (algue), frais, cru	28.4	0.5	6.2	0	aides culinaires et ingrédients divers
Agneau, collier braisé ou bouilli	365	33.6	0	25.6	viandes, oeufs, poissons
Agneau, collier cru	195	18	0	13.7	viandes, oeufs, poissons
Agneau, côte découverte crue	205	16.3	1.4	15	viandes, oeufs, poissons
Agneau, côte filet crue	232	17.6	0	18	viandes, oeufs, poissons
Agneau, côte filet grillée/poêlée	157	26.3	0	5.8	viandes, oeufs, poissons
Agneau, côte ou côtelette, crue (aliment moyen)	262	16.6	0.3	21.5	viandes, oeufs, poissons
Agneau, côte ou côtelette, cuite (aliment moyen)	157	26.3	0	5.8	viandes, oeufs, poissons
Agneau, côte ou côtelette, grillée/poêlée (aliment moyen)	157	26.3	0	5.8	viandes, oeufs, poissons
Agneau, côte première crue	276	16.9	0	23.1	viandes, oeufs, poissons
Agneau, côte première grillée/poêlée	185	26.1	0	9	viandes, oeufs, poissons
Agneau, côtelette crue	333	15.4	0	30.1	viandes, oeufs, poissons
Agneau, côtelette grillée/poêlée	240	25.7	0	15.2	viandes, oeufs, poissons
Agneau, gigot braisé	222	35.2	0	9	viandes, oeufs, poissons
Agneau, gigot cru	128	20	0.5	5.1	viandes, oeufs, poissons
Agneau, gigot grillé/poêlé	174	27.6	0	7.1	viandes, oeufs, poissons
Agneau, gigot rôti/cuit au four	169	26.8	0	6.8	viandes, oeufs, poissons
Agneau, selle crue	236	17.5	0	18.4	viandes, oeufs, poissons
Agneau, selle, partie maigre grillée/poêlée	153	26.1	0	5.5	viandes, oeufs, poissons
Agneau, selle, partie maigre rôtie/cuite au four	153	26.1	0	5.5	viandes, oeufs, poissons
Agneau, viande, cuite (aliment moyen)	193	28.5	0	8.8	viandes, oeufs, poissons
Agneau, épaule crue	170	18.3	0.5	10.6	viandes, oeufs, poissons
Agneau, épaule maigre crue	139	19.6	0	6.8	viandes, oeufs, poissons
Agneau, épaule maigre rôtie/cuite au four	197	24.9	0	10.8	viandes, oeufs, poissons
Agneau, épaule rôtie/cuite au four	252	30.5	0	14.5	viandes, oeufs, poissons
Ail séché, poudre	346	16.6	63.7	0.7	aides culinaires et ingrédients divers
Ail, cru	109	5.3	18.6	0	aides culinaires et ingrédients divers
Ail, grillé/poêlé, sans matière grasse	130	6	22	0.4	aides culinaires et ingrédients divers
Ail, rôti/cuit au four	125	5.6	23.8	0	aides culinaires et ingrédients divers
Alcool fort (type rhum), cuisiné (alcool évaporé)	0	0	0	0	aides culinaires et ingrédients divers
Alcool pur	660	0	0	0	eaux et autres boissons
Aligot (purée de pomme de terre à la tomme fraîche), préemballé	195	8.1	9.5	13.3	entrées et plats composés
Amande, avec peau, sans sel ajouté	615	18.8	9.5	51.3	fruits, légumes, légumineuses et oléagineux
Amande, grillée, salée	647	20	12.2	53.9	fruits, légumes, légumineuses et oléagineux
Amande, grillée, salée, goût fumé	629	18.6	9	54	fruits, légumes, légumineuses et oléagineux
Amande, émondée, sans sel ajouté	631	21.4	8.8	52.5	fruits, légumes, légumineuses et oléagineux
Amarante, crue	369	13.5	58.6	7	produits céréaliers
Amidon de maïs ou fécule de maïs	365	0.3	90.4	0.1	produits céréaliers
Amidon de riz	343	0.6	85	0	produits céréaliers
Ananas au jus d'ananas, appertisé, non égoutté	55	0.2	12.9	0	fruits, légumes, légumineuses et oléagineux
Ananas au jus d'ananas, appertisé, égoutté	56	0.2	12.9	0	fruits, légumes, légumineuses et oléagineux
Ananas au sirop léger, appertisé, non égoutté	66.5	0.2	15.6	0.1	fruits, légumes, légumineuses et oléagineux
Ananas au sirop léger, appertisé, égoutté	65.8	0.2	15.3	0	fruits, légumes, légumineuses et oléagineux
Ananas Victoria ou Queen Victoria, chair sans peau, crue, prélevé à La Réunion	69.8	0.9	15.1	0	fruits, légumes, légumineuses et oléagineux
Ananas, chair sans peau, cru	51.6	0.2	11.7	0	fruits, légumes, légumineuses et oléagineux
Anchois, cru	129	18.6	0	6.1	viandes, oeufs, poissons
Anchois, filets, marinés à l'huile, semi-conserve, égouttés	167	20.6	0.5	9.1	viandes, oeufs, poissons
Anchois, filets, marinés à l'orientale (huile, piments…), semi-conserve, égouttés	165	19.6	0.5	9.2	viandes, oeufs, poissons
Anchois, filets, marinés, semi-conserve, égouttés (aliment moyen)	186	20.3	0.5	11.3	viandes, oeufs, poissons
Anchois, filets, roulés aux câpres, salés, à l'huile, semi-conserve, égouttés	195	22.9	1.6	10.6	viandes, oeufs, poissons
Anchois, filets, salés, à l'huile d'olive, semi-conserve, égouttés	197	25	1.4	9.9	viandes, oeufs, poissons
Anchois, filets, salés, à l'huile de tournesol, semi-conserve, égouttés	211	24.5	0.5	12.3	viandes, oeufs, poissons
Anchois, filets, salés, à l'huile, semi-conserve, égouttés	199	24.9	0	11	viandes, oeufs, poissons
Andouille	211	18.4	0.3	15.1	viandes, oeufs, poissons
Andouille de Guéméné	234	18	0	18	viandes, oeufs, poissons
Andouille de Vire	238	19	0	18	viandes, oeufs, poissons
Andouille, réchauffée à la poêle	270	22.5	0	20	viandes, oeufs, poissons
Andouillette de Troyes, à cuire	256	19.7	1	19	viandes, oeufs, poissons
Andouillette, grillée/poêlée	301	24.5	0.5	22.3	viandes, oeufs, poissons
Andouillette, à cuire	225	18.8	0.5	16.3	viandes, oeufs, poissons
Aneth, frais	48.2	3.9	3.9	1.1	aides culinaires et ingrédients divers
Aneth, séché	315	20	42.2	4.4	aides culinaires et ingrédients divers
Anguille, bouillie/cuite à l'eau	197	20.5	0	12.7	viandes, oeufs, poissons
Anguille, crue	240	16.1	2.1	18.6	viandes, oeufs, poissons
Anguille, cuite (aliment moyen)	213	22.1	0	13.8	viandes, oeufs, poissons
Anguille, rôtie/cuite au four	229	23.6	0	15	viandes, oeufs, poissons
Anone ou chérimole, chair sans peau, crue	80	1.6	15.4	0.7	fruits, légumes, légumineuses et oléagineux
Ao-nori (Ulva sp., ex Enteromorpha sp.), séchée ou déshydratée	225	13.6	19.5	2.5	aides culinaires et ingrédients divers
Apéritif anisé sans alcool, à diluer	6	0	1	0	eaux et autres boissons
Apéritif à base de vin ou vermouth	137	0.1	11.3	0	eaux et autres boissons
Araignée de mer, bouillie/cuite à l'eau	108	18.3	0.2	3.8	viandes, oeufs, poissons
Artichaut, appertisé, égoutté	39.8	1.5	6.5	0.2	fruits, légumes, légumineuses et oléagineux
Artichaut, coeur, appertisé, égoutté	24.2	1.8	2.3	0	fruits, légumes, légumineuses et oléagineux
Artichaut, cru	45.4	3.3	4.8	0.1	fruits, légumes, légumineuses et oléagineux
Artichaut, cuit	33.2	2.5	1	0.3	fruits, légumes, légumineuses et oléagineux
Artichaut, cuit à la vapeur sous pression	46.4	2.6	3.2	0	fruits, légumes, légumineuses et oléagineux
Artichaut, fond, appertisé, égoutté	23.4	1.2	3	0	fruits, légumes, légumineuses et oléagineux
Artichaut, fond, surgelé, cru	54.5	1.9	7	0.4	fruits, légumes, légumineuses et oléagineux
Ascophylle noueux ou goémon noir (Ascophyllum nodosum), séché ou déshydraté	206	7.4	16.3	2.7	aides culinaires et ingrédients divers
Asiago	356	32.1	0	25.6	produits laitiers
Asperge blanche, bouillie/cuite à l'eau	17.3	1.4	1.6	0.3	fruits, légumes, légumineuses et oléagineux
Asperge verte, bouillie/cuite à l'eau	25.3	2.7	1.7	0.3	fruits, légumes, légumineuses et oléagineux
Asperge, appertisée, égouttée	20.3	1.6	1.2	0.7	fruits, légumes, légumineuses et oléagineux
Asperge, blanche ou violette, pelée, crue	21	2.2	1.6	0.1	fruits, légumes, légumineuses et oléagineux
Asperge, bouillie/cuite à l'eau (aliment moyen)	20.7	2	1.7	0.3	fruits, légumes, légumineuses et oléagineux
Asperge, verte, crue	24.7	2.5	2	0.3	fruits, légumes, légumineuses et oléagineux
Aubergine, chair et peau, rôtie/cuite au four	31.1	1.3	3.8	0	fruits, légumes, légumineuses et oléagineux
Aubergine, crue	22.9	1	2.7	0.2	fruits, légumes, légumineuses et oléagineux
Aubergine, cuite	27.1	0.8	4.2	0.2	fruits, légumes, légumineuses et oléagineux
Autruche, viande crue	159	20.2	0	8.7	viandes, oeufs, poissons
Autruche, viande cuite	168	26.2	0	7.1	viandes, oeufs, poissons
Avocat, chair sans peau, sans noyau, cru	203	1.6	0	20.6	fruits, légumes, légumineuses et oléagineux
Avoine, crue	378	16.9	55.7	6.9	produits céréaliers
Baba au rhum, rayon frais	174	2.8	28.3	2.4	produits sucrés
Baie de goji, séchée	300	12.1	49	2.9	fruits, légumes, légumineuses et oléagineux
Baklava ou baklawa (pâtisserie orientale aux amandes et sirop)	459	10.4	49.2	24.5	produits sucrés
Bambou, pousse, crue	29.1	2.6	2.6	0.3	fruits, légumes, légumineuses et oléagineux
Bambou, pousses, appertisées, égouttées	19.3	1.6	1.9	0.3	fruits, légumes, légumineuses et oléagineux
Banane plantain, crue	132	1.3	29.6	0.4	fruits, légumes, légumineuses et oléagineux
Banane plantain, cuite	125	0.8	28.9	0.2	fruits, légumes, légumineuses et oléagineux
Banane, chair sans peau, crue	87.6	1.1	19.7	0	fruits, légumes, légumineuses et oléagineux
Banane, chair sans peau, sèche	365	3.9	78.4	1.8	fruits, légumes, légumineuses et oléagineux
Bar commun ou loup (Méditerranée), sauvage, cru	97.9	20.1	0	1.9	viandes, oeufs, poissons
Bar commun ou loup (Méditerranée), élevage, cru	124	21.4	0	4.2	viandes, oeufs, poissons
Bar commun ou loup, cru	86.1	19.1	0.9	0.7	viandes, oeufs, poissons
Bar commun ou loup, rôti/cuit au four	151	22.2	1	6.5	viandes, oeufs, poissons
Bar rayé ou bar d'Amérique, cru	113	20.3	0	3.6	viandes, oeufs, poissons
Barre chocolat au lait avec nougat	532	5.8	60.5	29	produits sucrés
Barre chocolatée aux fruits secs	494	7.2	57.6	26	produits sucrés
Barre chocolatée biscuitée	492	5.6	61.4	24.1	produits sucrés
Barre chocolatée non biscuitée enrobée	496	3.7	66.4	24.1	produits sucrés
Barre céréalière "équilibre" au chocolat, enrichie en vitamines et minéraux	407	6	70.3	10.9	produits sucrés
Barre céréalière "équilibre" aux fruits, enrichie en vitamines et minéraux	382	6.1	73.3	6.5	produits sucrés
Barre céréalière au chocolat	451	6.5	73	14.9	produits sucrés
Barre céréalière au chocolat et aux fruits	419	5.7	70.4	11.8	produits sucrés
Barre céréalière aux amandes ou noisettes	444	8.7	60.6	18.2	produits sucrés
Barre céréalière aux fruits	379	5.5	74.1	7.1	produits sucrés
Barre céréalière diététique hypocalorique	391	5.9	71	11.2	produits sucrés
Barre céréalière pour petit déjeuner au lait, au chocolat ou non, enrichie en vitamines et minéraux	382	7.1	79.5	3.2	produits sucrés
Barre glacée chocolatée	354	4.8	37	20.5	glaces et sorbets
Barre ou confiserie chocolatée au lait	551	8.8	50.9	34.2	produits sucrés
Barre pâtissière, préemballée	378	5.4	54.7	14.9	produits sucrés
Barre à la noix de coco, enrobée de chocolat	475	3.9	60.2	23.8	produits sucrés
Base de pizza (pâte et sauce à la crème), crue	261	7.7	51.1	2.6	aides culinaires et ingrédients divers
Base de pizza (pâte et sauce à la tomate), crue	232	6.9	44.6	2.7	aides culinaires et ingrédients divers
Basilic, frais	35.2	3.1	3.4	0.6	aides culinaires et ingrédients divers
Basilic, séché	244	23	10.1	4.1	aides culinaires et ingrédients divers
Batavia, crue	14.9	1.2	1.8	0	fruits, légumes, légumineuses et oléagineux
Baudroie rousse ou Lotte, crue	70.2	16.7	0	0.4	viandes, oeufs, poissons
Beaufort	404	26.7	0.7	33	produits laitiers
Beignet de crevette	260	6.5	35.5	10	viandes, oeufs, poissons
Beignet de légumes	140	4	12.1	8	entrées et plats composés
Beignet de viande, volaille ou poisson, fait maison, cuit	238	18.7	10	13.5	entrées et plats composés
Beignet ou donut fourré aux fruits (fourrage type confiture), préemballé	391	5.1	49.5	19	produits sucrés
Beignet ou donut fourré ou nappé goût chocolat ou chocolat noisette, préemballé	407	5.3	48	21	produits sucrés
Beignet ou donut rond moelleux, sans fourrage, saupoudré de sucre	404	7.2	39.4	23.7	produits sucrés
Bette ou blette, côte (sans feuille), crue	12.8	1	1.6	0	fruits, légumes, légumineuses et oléagineux
Bette ou blette, côte (sans feuille), cuite	11.2	0.7	1.2	0	fruits, légumes, légumineuses et oléagineux
Bette ou blette, côte et feuille, bouillie/cuite à l'eau	15.6	0.9	1.4	0.3	fruits, légumes, légumineuses et oléagineux
Betterave rouge, crue	40.2	1.6	6.3	0.2	fruits, légumes, légumineuses et oléagineux
Betterave rouge, cuite	41.5	1.4	7.1	0.4	fruits, légumes, légumineuses et oléagineux
Beurre de cacahuète ou pâte d'arachide	643	22.2	17.3	51.4	fruits, légumes, légumineuses et oléagineux
Beurre ou assimilé allégé (léger ou à teneur réduite en matière grasse), doux (aliment moyen)	367	0.3	3.7	39.1	matières grasses
Beurre ou assimilé sans précision sur la teneur en matière grasse, doux (aliment moyen)	731	0.6	0.9	80.5	matières grasses
Beurre sans précision sur la teneur en matière grasse (allégé ou non), demi-sel (aliment moyen)	712	0.8	0.5	78.6	matières grasses
Beurre à 39-41% MG, léger, demi-sel	376	0	4	40	matières grasses
Beurre à 39-41% MG, léger, doux	390	0.3	3.6	41.7	matières grasses
Beurre à 60-62% MG, à teneur réduite en matière grasse, demi-sel	555	0.9	0.5	61	matières grasses
Beurre à 60-62% MG, à teneur réduite en matière grasse, doux	550	0.6	0.7	60.6	matières grasses
Beurre à 80% MG minimum, doux	753	0.6	0.7	83	matières grasses
Beurre à 80% MG minimum, doux, tendre	755	0.7	0.5	83.4	matières grasses
Beurre à 80% MG, demi-sel	725	0.8	0.5	80	matières grasses
Beurre à 80% MG, salé	732	0.5	0.7	80.8	matières grasses
Bicarbonate de soude	0.4	0.1	0	0	aides culinaires et ingrédients divers
Bigorneau, cuit	109	16.3	3	3.5	viandes, oeufs, poissons
Biscotte au blé complet	389	11.3	66	5.9	produits céréaliers
Biscotte au germe de blé	386	10.1	69.9	5.4	produits céréaliers
Biscotte aux céréales	404	11.5	68.1	7.3	produits céréaliers
Biscotte briochée	440	8.6	72.1	11.3	produits céréaliers
Biscotte classique	394	10	73.2	5.4	produits céréaliers
Biscotte, sans sel ajouté	402	10.6	74.7	5.1	produits céréaliers
Biscuit (génoise), fourré aux fruits (ex : orange, cerise…), nappé de chocolat	395	3.9	66.6	11.7	produits sucrés
Biscuit (génoise), nappé aux fruits, type barquette	341	4.4	74.4	2.1	produits sucrés
Biscuit (génoise), nappé de chocolat, type barquette	489	7.4	59.5	23.9	produits sucrés
Biscuit apéritif, crêpe dentelle fourrée, préemballée	555	9.3	48.8	35.6	produits céréaliers
Biscuit apéritif, mini-chou fourré, préemballé	651	9.8	28.2	54.7	produits céréaliers
Biscuit au chocolat fourré ("sandwiché") parfum vanille, rond, noir et blanc	480	5.1	69.2	19.6	produits sucrés
Biscuit de Savoie	260	5.9	56.3	0.8	produits sucrés
Biscuit meringué fourré (chocolat, noisette, noix de coco…), nappé ou sur base de chocolat	540	7.7	54.5	31.5	produits sucrés
Biscuit moelleux fourré à l'orange et enrobé de sucre glace	359	4.1	80	2.1	produits sucrés
Biscuit ou cracker apéritif (aliment moyen)	480	10.2	61.2	20.9	produits céréaliers
Biscuit ou cracker apéritif, feuilleté (flûtes, torsades, palmiers…), au fromage	524	13.1	50.2	29.6	produits céréaliers
Biscuit ou cracker apéritif, feuilleté (flûtes, torsades, palmiers…), sans fromage	476	10.9	59.7	20.7	produits céréaliers
Biscuit ou cracker apéritif, gaufrette fourrée	585	10.4	39.6	42.4	produits céréaliers
Biscuit ou cracker apéritif, mini bretzel ou sticks	376	11.2	73.7	3.1	produits céréaliers
Biscuit ou cracker apéritif, soufflé, goût bacon	513	6.5	62.2	25.9	produits céréaliers
Biscuit ou cracker apéritif, soufflé, goût cacahuète	487	13.3	54.8	22.9	produits céréaliers
Biscuit ou cracker apéritif, soufflé, goût fromage	510	7.3	57.6	27.3	produits céréaliers
Biscuit ou cracker apéritif, soufflé, goût pomme de terre	475	4.6	60.6	23	produits céréaliers
Biscuit ou cracker apéritif, soufflé, nature	464	7.2	64	19.2	produits céréaliers
Biscuit ou cracker apéritif, soufflé, sans précision (aliment moyen)	535	10.5	48.8	32.6	produits céréaliers
Biscuit ou cracker apéritif, tuile, à base de pomme de terre	521	4.6	59.1	28.8	produits céréaliers
Biscuit ou cracker apéritif, à base de blé, assortiment	501	8.9	58.2	25.3	produits céréaliers
Biscuit ou cracker apéritif, à base de blé, au fromage	519	14.8	47	29.4	produits céréaliers
Biscuit ou cracker apéritif, à base de blé, nature ou aromatisé	499	10.4	59.1	23.8	produits céréaliers
Biscuit ou cracker apéritif, à base de blé, nature, allégé en matière grasse	410	6.5	73.1	9.3	produits céréaliers
Biscuit ou cracker apéritif, à base de riz et cacahuètes enrobées, mélange japonais	409	10.8	72	8.3	produits céréaliers
Biscuit pour bébé	439	7.5	73.3	12.3	aliments infantiles
Biscuit sec (tartelette), nappé au chocolat, préemballé	504	6.6	59.7	25.6	produits sucrés
Biscuit sec (tartelette), nappé aux fruits, préemballé	424	4.6	71.3	13	produits sucrés
Biscuit sec au chocolat, enrichi en vitamines et minéraux	461	9	61.9	18.3	produits sucrés
Biscuit sec au chocolat, non enrichi	507	7.8	59.5	25.6	produits sucrés
Biscuit sec au chocolat, sans sucres ajoutés, avec édulcorants, enrichi en vitamines	448	6.8	64.6	21.8	produits sucrés
Biscuit sec au soja, enrichi en vitamines et minéraux	444	10.9	60.3	16.1	produits sucrés
Biscuit sec au sésame, enrichi en vitamines et minéraux	485	11.5	60	21	produits sucrés
Biscuit sec au sésame, non enrichi	496	9.2	60	23.3	produits sucrés
Biscuit sec aux céréales complètes	462	7.8	63	18.4	produits sucrés
Biscuit sec aux fruits, hyposodé ou à teneur réduite en sel	448	8.9	64	16	produits sucrés
Biscuit sec aux oeufs à la cuillère (cuiller) ou boudoir	366	7.8	74.5	3.4	produits sucrés
Biscuit sec avec tablette de chocolat	485	5.6	68.8	20	produits sucrés
Biscuit sec avec tablette de chocolat et fourrage au lait	512	6.8	62.3	25.6	produits sucrés
Biscuit sec croquant aux amandes (ex. canistrelli)	454	9	68.2	15.4	produits sucrés
Biscuit sec feuilleté, type palmier ou autres, artisanal	499	5.9	47.8	30.4	produits sucrés
Biscuit sec feuilleté, type palmier ou autres, nappé de chocolat	532	5.9	59.7	29.4	produits sucrés
Biscuit sec feuilleté, type palmier ou autres, préemballé	528	6.1	56.8	30	produits sucrés
Biscuit sec fin ou tuile, aux amandes	471	7.8	68	18.1	produits sucrés
Biscuit sec fin ou tuile, saveur citron ou orange	419	6.4	69.7	9.7	produits sucrés
Biscuit sec fourré aux fruits, allégé en matière grasse	391	4.7	75.3	7.2	produits sucrés
Biscuit sec fourré à la pâte ou purée de fruits (ex : figue)	421	4.9	71.6	12.3	produits sucrés
Biscuit sec nature	438	7.1	74.9	11.5	produits sucrés
Biscuit sec ou galette à l'avoine	491	5.6	63.9	22.9	produits sucrés
Biscuit sec ou galette à l'avoine, nappée de chocolat	509	5.7	61.3	26	produits sucrés
Biscuit sec petit beurre	450	7.8	73.4	13.3	produits sucrés
Biscuit sec petit beurre au blé complet	439	9.2	66.6	13.4	produits sucrés
Biscuit sec petit beurre au chocolat (tablette ou pépites)	496	6.9	63.8	22.8	produits sucrés
Biscuit sec pour petit déjeuner, allégé en sucres	444	7.8	66.2	15	produits sucrés
Biscuit sec pour petit déjeuner, au chocolat, non enrichi	447	8.1	62.9	16.4	produits sucrés
Biscuit sec pour petit déjeuner, sans chocolat, non enrichi	452	7.8	65.8	16.3	produits sucrés
Biscuit sec pour petit déjeuner, tous parfums, enrichi en vitamines et minéraux	454	7.1	67.3	16.1	produits sucrés
Biscuit sec sans chocolat, allégé en matière grasse	388	6	71	6	produits sucrés
Biscuit sec sans gluten, au chocolat	504	5	64	24.7	produits sucrés
Biscuit sec sans gluten, petit beurre	460	3.8	79.3	14	produits sucrés
Biscuit sec à la noix de coco	493	6.3	65.4	22.1	produits sucrés
Biscuit sec à teneur garantie en vitamines	457	9.6	72.3	14.2	produits sucrés
Biscuit sec à teneur garantie en vitamines et minéraux	472	10.8	61.1	19.8	produits sucrés
Biscuit sec, assortiment	515	6.4	61.4	26.4	produits sucrés
Biscuit sec, avec matière grasse végétale	436	7.2	74	11.7	produits sucrés
Biscuit sec, sablé, fourré aux fruits type lunette de Romans	449	6.1	69.2	16	produits sucrés
Biscuit sec, sablé, galette ou palet, au beurre	481	6.8	66.8	20	produits sucrés
Biscuit sec, sablé, galette ou palet, au beurre, au chocolat	499	6.3	63.5	23.7	produits sucrés
Biscuit sec, sablé, galette ou palet, autre que pur beurre	495	5.7	64.5	23.1	produits sucrés
Biscuit sec, sablé, galette ou palet, aux fruits	482	5.8	66.3	21	produits sucrés
Biscuit sec, sablé, nappé de chocolat	495	6.6	63.5	22.9	produits sucrés
Biscuit sec, sans précision	433	7.8	67.8	13.8	produits sucrés
Biscuit sec, sans sucres ajoutés, avec édulcorant	429	6.2	72.1	15.7	produits sucrés
Biscuit sec, type batonnet, stick, vrille ou torsade, nappé de chocolat	510	6.9	63.1	25.1	produits sucrés
Biscuit sec, type langue de chat ou cigarette russe	475	5.3	72.7	17.8	produits sucrés
Bière "coeur de marché" (4-5° alcool)	39	0.4	3.1	0	eaux et autres boissons
Bière "de spécialités" ou d'abbaye, régionales ou d'une brasserie (degré d'alcool variable)	47.1	0.5	3.2	0	eaux et autres boissons
Bière "spéciale" (5-6° alcool)	56	0.5	4.5	0	eaux et autres boissons
Bière blanche	60.9	0.5	7.5	0	eaux et autres boissons
Bière brune	40.5	0.4	4.1	0	eaux et autres boissons
Bière faiblement alcoolisée (3° alcool)	35.3	0.3	4.6	0	eaux et autres boissons
Bière forte (>8° alcool)	62.5	0.5	4.6	0	eaux et autres boissons
Bière sans alcool (<1,2° alcool) et sans sucres ajoutés, aromatisée ou non	29.4	0.2	6.1	0.1	eaux et autres boissons
Bière sans alcool, sucrée, aromatisée ou au jus de fruits	30.6	0.2	7.4	0	eaux et autres boissons
Blanquette de veau, préemballée	113	15.4	3.1	4	entrées et plats composés
Bleu de Gex ou fromage bleu du Haut-Jura ou bleu de Septmoncel	364	22.5	0	30.7	produits laitiers
Blinis	270	5.9	34.6	11.5	produits céréaliers
Blé de Khorasan, cru	342	14.5	59.5	2.1	produits céréaliers
Blé dur (grains entiers), précuit, cuit, sans sel ajouté	153	5.4	28.2	1.1	produits céréaliers
Blé dur complet, cru	342	13.7	59.3	2.5	produits céréaliers
Blé dur complet, précuit, à cuire	359	13.7	67.7	1.8	produits céréaliers
Blé dur précuit, cuisiné, en sachet micro-ondable	188	4.9	29.6	4.8	entrées et plats composés
Blé khorasan complet soufflé	378	6.7	80.5	2	produits sucrés
Boeuf aux carottes, préemballé	95	13.2	2.9	3.1	entrées et plats composés
Boeuf bourguignon, préemballé	84.3	10.3	4.2	2.6	entrées et plats composés
Boeuf braisé	240	32.1	0	12.4	viandes, oeufs, poissons
Boeuf, basse-côte crue	201	19	1.4	13.2	viandes, oeufs, poissons
Boeuf, bavette d'aloyau crue	133	20.4	0	5.7	viandes, oeufs, poissons
Boeuf, bavette d'aloyau grillée/poêlée	162	25	0	6.9	viandes, oeufs, poissons
Boeuf, boule de macreuse crue	118	21.8	0	3.4	viandes, oeufs, poissons
Boeuf, boule de macreuse grillée/poêlée	144	26.7	0	4.1	viandes, oeufs, poissons
Boeuf, boule de macreuse rôtie/cuite au four	147	27.3	0	4.2	viandes, oeufs, poissons
Boeuf, collier braisé	184	33	0	5.8	viandes, oeufs, poissons
Boeuf, collier cru	198	20.1	0.8	12.7	viandes, oeufs, poissons
Boeuf, côte crue	251	18.7	0	19.6	viandes, oeufs, poissons
Boeuf, entrecôte crue	231	19.4	0	17.1	viandes, oeufs, poissons
Boeuf, entrecôte, partie maigre grillée/poêlée	198	25.5	0	10.7	viandes, oeufs, poissons
Boeuf, faux-filet cru	152	22.3	0.6	6.7	viandes, oeufs, poissons
Boeuf, faux-filet grillé/poêlé	182	27.1	0	8.2	viandes, oeufs, poissons
Boeuf, faux-filet rôti/cuit au four	194	28.8	0	8.7	viandes, oeufs, poissons
Boeuf, filet cru	132	21.6	0.2	5	viandes, oeufs, poissons
Boeuf, gîte à la noix cru	187	20.7	0	11.5	viandes, oeufs, poissons
Boeuf, gîte à la noix cuit	102	21	0.2	1.9	viandes, oeufs, poissons
Boeuf, hampe crue	154	19	0	8.6	viandes, oeufs, poissons
Boeuf, hampe grillée/poêlée	174	21.6	0	9.8	viandes, oeufs, poissons
Boeuf, jarret bouilli/cuit à l'eau	161	31	0	4.1	viandes, oeufs, poissons
Boeuf, joue crue	136	22.3	0.4	5	viandes, oeufs, poissons
Boeuf, joue, braisée ou bouillie/cuite à l'eau	236	39.2	0	8.8	viandes, oeufs, poissons
Boeuf, onglet cru	138	19.9	0.6	6.2	viandes, oeufs, poissons
Boeuf, onglet grillé/poêlé	171	23	0	8.8	viandes, oeufs, poissons
Boeuf, paleron cru	144	21.2	0	6.5	viandes, oeufs, poissons
Boeuf, paleron, braisé ou bouilli/cuit à l'eau	251	36.8	0.2	11.4	viandes, oeufs, poissons
Boeuf, plat de côtes braisé ou bouilli/cuit à l'eau	269	37.3	0	13.3	viandes, oeufs, poissons
Boeuf, plat de côtes cru	287	18.4	0	23.7	viandes, oeufs, poissons
Boeuf, queue bouillie/cuite à l'eau	196	28	0	9.3	viandes, oeufs, poissons
Boeuf, queue crue	203	21.5	0.2	12.9	viandes, oeufs, poissons
Boeuf, rond de gîte cru	111	22.9	0.4	2	viandes, oeufs, poissons
Boeuf, rosbif rôti/cuit au four	126	24.1	0.3	3.2	viandes, oeufs, poissons
Boeuf, rumsteck cru	118	23.5	0.4	2.5	viandes, oeufs, poissons
Boeuf, rumsteck grillé/poêlé	138	29	0	2.1	viandes, oeufs, poissons
Boeuf, steak haché 10% MG cru	170	20	0	10	viandes, oeufs, poissons
Boeuf, steak haché 10% MG cuit	210	26.1	0	11.8	viandes, oeufs, poissons
Boeuf, steak haché 15% MG cru	215	20.2	0.5	14.8	viandes, oeufs, poissons
Boeuf, steak haché 15% MG cuit	239	23.6	0	16.1	viandes, oeufs, poissons
Boeuf, steak haché 20% MG cru	249	17.2	0	20	viandes, oeufs, poissons
Boeuf, steak haché 20% MG cuit	265	23	0	19.2	viandes, oeufs, poissons
Boeuf, steak haché 5% MG cru	130	21.9	0.3	4.6	viandes, oeufs, poissons
Boeuf, steak haché 5% MG cuit	155	25.5	0	5.8	viandes, oeufs, poissons
Boeuf, steak haché, cuit (aliment moyen)	229	23.8	0	14.9	viandes, oeufs, poissons
Boeuf, steak ou bifteck cru	229	18.7	0.1	17.2	viandes, oeufs, poissons
Boeuf, steak ou bifteck grillé/poêlé	128	27.6	0	1.9	viandes, oeufs, poissons
Boeuf, tende de tranche crue	116	23.1	0.6	2.3	viandes, oeufs, poissons
Boeuf, tende de tranche grillée/poêlée	141	28.7	0	2.9	viandes, oeufs, poissons
Boeuf, tende de tranche rôtie/cuite au four	146	29.8	0	3	viandes, oeufs, poissons
Boeuf, à bourguignon ou pot-au-feu, cru	164	24	0	7.5	viandes, oeufs, poissons
Boeuf, à bourguignon ou pot-au-feu, cuit	172	34	0	4	viandes, oeufs, poissons
Boeuf, épaule crue	130	21.4	0	5	viandes, oeufs, poissons
Bogue, crue	92.1	17.9	0.5	2	viandes, oeufs, poissons
Boisson au riz, nature, préemballée	52.2	0.2	10.8	1	eaux et autres boissons
Boisson au soja et jus de fruits concentrés, préemballée	56.2	2.3	9.5	1	eaux et autres boissons
Boisson au soja, aromatisée, sucrée, enrichie en calcium, préemballée	43.2	3	2.9	1.8	eaux et autres boissons
Boisson au soja, aromatisée, sucrée, non enrichie, préemballée	61.9	3.1	7.5	1.8	eaux et autres boissons
Boisson au soja, nature, enrichie en calcium, préemballée	44.2	3.4	2.2	2	eaux et autres boissons
Boisson au soja, nature, non enrichie, préemballée	42.4	3.2	1.9	2.1	eaux et autres boissons
Boisson au soja, préemballée (aliment moyen)	46.1	3.2	2.9	2	eaux et autres boissons
Boisson au thé, aromatisée, sans précision sur la teneur en sucres et édulcorants (aliment moyen)	21.1	0	5.3	0	eaux et autres boissons
Boisson au thé, aromatisée, sans sucres ajoutés, avec édulcorants	0.5	0	0.2	0	eaux et autres boissons
Boisson au thé, aromatisée, sucrée	23.2	0	5.8	0	eaux et autres boissons
Boisson au thé, aromatisée, sucrée, avec édulcorants	17.1	0	4.2	0	eaux et autres boissons
Boisson au thé, aromatisée, à teneur réduite en sucres	14.9	0	3.8	0	eaux et autres boissons
Boisson au(x) fruit(s) et au lait	47.7	0.7	10.7	0	eaux et autres boissons
Boisson aux fruits avec de la purée de fruits type smoothie (teneur en fruits >= 50%), sans sucres ajoutés, rayon frais	67.5	0.8	12.1	1.4	eaux et autres boissons
Boisson aux fruits avec de la purée de fruits type smoothie (teneur en fruits >=50%), enrichie en vitamine(s)	51.3	0.5	11.5	0.5	eaux et autres boissons
Boisson aux fruits pour bébé dès 4/6mois	35.1	0.2	8.6	0	aliments infantiles
Boisson concentrée à diluer, sans sucres ajoutés, avec édulcorants, type "sirop 0%"	19.5	0.2	3.8	0	eaux et autres boissons
Boisson gazeuse aromatisée, sans fruit, sans précision sur la teneur en sucres et édulcorants (aliment moyen)	27.6	0	6.9	0	eaux et autres boissons
Boisson gazeuse aromatisée, sans fruit, sans sucres ajoutés, avec édulcorants	0.2	0	0.1	0	eaux et autres boissons
Boisson gazeuse aromatisée, sans fruit, sucrée	34.5	0	8.3	0	eaux et autres boissons
Boisson gazeuse aromatisée, sans fruit, sucrée, avec édulcorants	22.4	0	5.6	0	eaux et autres boissons
Boisson gazeuse aux fruits (teneur en fruits < 10%), sans sucres ajoutés, avec édulcorants	2.1	0.1	0.5	0	eaux et autres boissons
Boisson gazeuse aux fruits (teneur en fruits < 10%), sans sucres ajoutés, sans édulcorants	16.7	0	4.2	0	eaux et autres boissons
Boisson gazeuse aux fruits (teneur en fruits < 10%), sucrée	33.6	0	8.4	0	eaux et autres boissons
Boisson gazeuse aux fruits (teneur en fruits < 10%), sucrée, avec édulcorants	27.2	0	6.8	0	eaux et autres boissons
Boisson gazeuse aux fruits (teneur en fruits < 10%), à teneur réduite en sucres	28.7	0	7.2	0.1	eaux et autres boissons
Boisson gazeuse aux fruits (teneur en fruits >= 10% et < 50%), sans sucres ajoutés, avec édulcorants	3.7	0	0.9	0	eaux et autres boissons
Boisson gazeuse aux fruits (teneur en fruits >= 10% et < 50%), sucrée	46.4	0	11.3	0	eaux et autres boissons
Boisson gazeuse aux fruits (teneur en fruits >= 10% et < 50%), sucrée, avec édulcorants	28.1	0	6.9	0	eaux et autres boissons
Boisson gazeuse aux fruits (teneur en jus non spécifiée), sucrée (aliment moyen)	44.6	0	10.9	0	eaux et autres boissons
Boisson gazeuse à la pomme (teneur en fruits >= 50%), sans sucres ajoutés	30	0	7.5	0	eaux et autres boissons
Boisson infantile céréales lactées (aliment moyen)	86	2.2	12.6	2.8	aliments infantiles
Boisson infantile céréales lactées aux fruits pour le goûter dès 4/6 mois	67.6	1.8	7.7	3	aliments infantiles
Boisson infantile céréales lactées aux légumes pour dîner dès 4/6 mois	82.1	2.1	11.6	2.8	aliments infantiles
Boisson infantile céréales lactées pour le petit déjeuner	85.5	1.9	12.7	2.9	aliments infantiles
Boisson infantile céréales lactées pour le petit déjeuner dès 12 mois	86.3	2.2	12.6	2.8	aliments infantiles
Boisson infantile céréales lactées pour le petit déjeuner dès 4/6 mois	80.7	2	12.1	2.7	aliments infantiles
Boisson infantile céréales lactées pour le petit déjeuner dès 8/9 mois	81.2	2.4	11.6	2.8	aliments infantiles
Boisson infantile lactées aux fruits pour le goûter dès 4/6 mois (sans céréales)	72.5	1.9	10.4	2.6	aliments infantiles
Boisson lactée aromatisée (sans précision sur l'arôme), sucrée, au lait partiellement écrémé, enrichie et/ou restaurée en vitamine(s) et/ou minéraux (aliment moyen)	61	2.6	10.7	0.8	eaux et autres boissons
Boisson lactée aromatisée au café, sucrée, au lait partiellement écrémé, enrichie en vitamine(s) et/ou minéraux	50.6	3	8.9	0.4	eaux et autres boissons
Boisson lactée aromatisée au café, sucrée, au lait partiellement écrémé, non enrichie	70.3	3.1	8.8	2.3	eaux et autres boissons
Boisson lactée aromatisée au chocolat, sucrée, au lait partiellement écrémé, enrichie en vitamine(s) et/ou minéraux	66.5	3	10.8	1.1	eaux et autres boissons
Boisson lactée aromatisée au chocolat, sucrée, au lait partiellement écrémé, non enrichie	72.8	3.5	11	1.6	eaux et autres boissons
Boisson lactée aromatisée à la fraise, sucrée, au lait partiellement écrémé, enrichie en vitamine D	58.8	2.5	10.7	0.7	eaux et autres boissons
Boisson lactée aromatisée à la vanille, sucrée, au lait partiellement écrémé, enrichie en vitamine D	57.4	2	11	0.6	eaux et autres boissons
Boisson plate au(x) fruits et au(x) légume(s)	42.9	0.3	10	0.1	eaux et autres boissons
Boisson plate aux fruits (teneur en fruits < 10%), sans sucres ajoutés, avec édulcorants	4.1	0.1	1	0	eaux et autres boissons
Boisson plate aux fruits (teneur en fruits < 10%), sucrée	25.6	0.1	6.4	0.1	eaux et autres boissons
Boisson plate aux fruits (teneur en fruits < 10%), sucrée, rayon frais, enrichie en vitamine(s)	33.7	0	8.4	0	eaux et autres boissons
Boisson plate aux fruits (teneur en fruits >= 10% et < 50%), sans sucres ajoutés	13	0.1	3.2	0	eaux et autres boissons
Boisson plate aux fruits (teneur en fruits >= 10% et < 50%), sucrée	41.1	0.1	9.9	0.1	eaux et autres boissons
Boisson plate aux fruits (teneur en fruits >= 10% et < 50%), sucrée, avec édulcorants	23.3	0.1	5.8	0.1	eaux et autres boissons
Boisson plate aux fruits (teneur en fruits >= 10% et < 50%), sucrée, enrichie en vitamine(s)	38	0	9.5	0	eaux et autres boissons
Boisson plate aux fruits (teneur en fruits >= 10% et < 50%), à teneur réduite en sucres	18.8	0.2	4.7	0.2	eaux et autres boissons
Boisson plate aux fruits (teneur en fruits >= 50%), rayon ambiant	41.7	0.2	10	0.1	eaux et autres boissons
Boisson plate aux fruits (teneur en fruits >= 50%), rayon ambiant, enrichie en vitamine(s)	45.1	0.2	10.9	0	eaux et autres boissons
Boisson plate aux fruits (teneur en fruits non spécifiée), sans précision sur la teneur en sucres et édulcorants ni sur l'enrichissement (aliment moyen)	39.3	0.2	9.4	0.1	eaux et autres boissons
Boisson plate aux fruits (teneur en fruits non spécifiée), sucrée	45.8	0.1	11.2	0.1	eaux et autres boissons
Boisson pour le sport, sucrée	21.7	0	5.4	0	eaux et autres boissons
Boisson pour le sport, sucrée, avec édulcorants	19.3	0	4.8	0	eaux et autres boissons
Boisson préparée à partir de boisson concentrée à diluer type menthe, fraise, etc, sans sucres ajoutés, avec édulcorants, type "sirop 0%", diluée dans l'eau	6	0.2	1.5	0	eaux et autres boissons
Boisson préparée à partir de sirop ou de boisson concentrée à diluer type menthe, fraise, etc, diluée dans l'eau, sans précision sur la teneur en sucres et édulcorants (aliment moyen)	29.2	0.1	7.2	0	eaux et autres boissons
Boisson préparée à partir de sirop à diluer type menthe, fraise, etc, sucré, dilué dans l'eau	31.2	0.1	7.7	0	eaux et autres boissons
Boisson rafraîchissante sans alcool (aliment moyen)	27.9	0.1	6.9	0	eaux et autres boissons
Boisson végétale, préemballée (aliment moyen)	43.6	2.7	2.4	2.3	eaux et autres boissons
Boisson à base de plantes pour bébé	23.2	0.2	5.8	0	aliments infantiles
Boisson à l'aloe vera, sucrée	32.9	0.1	8.1	0	eaux et autres boissons
Boisson à l'amande, nature, sans sucres ajoutés, non enrichie, préemballée	35.8	1.1	0.7	3.2	eaux et autres boissons
Boisson à l'amande, préemballée (aliment moyen)	35.8	1.1	0.7	3.2	eaux et autres boissons
Boisson à l'amande, sucrée, enrichie en calcium, préemballée	43.9	0.7	4	2.8	eaux et autres boissons
Boisson à l'avoine, nature, sans sucres ajoutés, non enrichie, préemballée	41	0.2	7.8	1.1	eaux et autres boissons
Boisson à l'eau minérale ou de source, aromatisée, sans précision sur la teneur en sucres et édulcorants (aliment moyen)	1.9	0	0.5	0	eaux et autres boissons
Boisson à l'eau minérale ou de source, aromatisée, sans sucres ajoutés, avec édulcorants	0	0	0	0	eaux et autres boissons
Boisson à l'eau minérale ou de source, aromatisée, sans sucres ajoutés, sans édulcorants	0.1	0	0	0	eaux et autres boissons
Boisson à l'eau minérale ou de source, aromatisée, sucrée	16.2	0	4	0	eaux et autres boissons
Boisson à la châtaigne, nature, préemballée	67.9	0.2	13.5	1.4	eaux et autres boissons
Boisson à la noix de coco, nature, préemballée	29.9	0.2	2.8	2.1	eaux et autres boissons
Boisson à la sève de bouleau	2.8	0.1	0.7	0.1	eaux et autres boissons
Boisson énergisante, sans précision sur la teneur en sucres et édulcorants (aliment moyen)	35.2	0.1	8.8	0	eaux et autres boissons
Boisson énergisante, sans sucres ajoutés, avec édulcorants, enrichie en vitamines	8.6	0.1	2.1	0	eaux et autres boissons
Boisson énergisante, sucrée	40.9	0.1	10.2	0	eaux et autres boissons
Boisson énergisante, sucrée, avec édulcorants	27.6	0	6.9	0	eaux et autres boissons
Bonbon dragéifié	378	0.5	89.9	1.9	produits sucrés
Bonbon dur et sucette	384	0.2	95.3	0.2	produits sucrés
Bonbon dur et sucette, sans sucres	235	0.1	96	0.4	produits sucrés
Bonbon dur type collier, sifflet, sucette, pastille, au dextrose	376	0	91.1	1.4	produits sucrés
Bonbon dur, au caramel	416	1.3	86.6	7.1	produits sucrés
Bonbon gélifié	339	4.9	76.9	0.5	produits sucrés
Bonbon gélifié à la réglisse, type rouleau ou batonnet	347	3.6	75.6	1.6	produits sucrés
Bonbon tendre	392	0.9	84.3	5.1	produits sucrés
Bonbon tendre, au caramel	415	2.2	79.1	10	produits sucrés
Bonbon tendre, au caramel enrobé de chocolat	446	3.3	69.6	16.8	produits sucrés
Bonite ou bonite à dos rayé, crue	161	22.3	0	8	viandes, oeufs, poissons
Bouchée apéritive de fromage au lait de vache non affiné, fourrée ou enrobée	274	11.3	2.9	24	produits laitiers
Bouchée chocolat fourrage fruits à coques et/ou praliné	558	9.1	51.5	34.7	produits sucrés
Bouchée à la reine, au poisson et fruits de mer, faite maison	208	6.7	13.7	13.8	entrées et plats composés
Bouchée à la reine, garnie (aliment moyen)	252	6.4	19.1	16.3	entrées et plats composés
Bouchée à la reine, à la viande/volaille/quenelle	296	6.1	24.5	18.9	entrées et plats composés
Bouchée/bonbon au chocolat fourrage gaufrettes ou biscuit	521	6.5	55.1	29.4	produits sucrés
Bouchées ou émincé au soja et blé (ne convient pas aux véganes ou végétaliens), préemballé	185	17.6	8.2	7	entrées et plats composés
Bouchées ou émincé végétal au soja et blé (convient aux véganes ou végétaliens), préemballé	157	19.5	6.8	3.7	entrées et plats composés
Boudin antillais, à cuire	231	11.5	9.2	16.5	viandes, oeufs, poissons
Boudin blanc truffé, à cuire	247	10.6	9	18.4	viandes, oeufs, poissons
Boudin blanc, grillé/poêlé	220	9.9	6.6	17.1	viandes, oeufs, poissons
Boudin blanc, à cuire	244	10	3.6	21	viandes, oeufs, poissons
Boudin noir, grillé/poêlé	246	11.9	3.8	20.3	viandes, oeufs, poissons
Boudin noir, à cuire	297	12.2	0.3	27.1	viandes, oeufs, poissons
Boudin, grillé/poêlé (aliment moyen)	238	11.3	4.6	19.4	viandes, oeufs, poissons
Bouillon de boeuf, déshydraté	232	10.2	18	13.3	aides culinaires et ingrédients divers
Bouillon de boeuf, déshydraté reconstitué	6.1	0.8	0.4	0.1	entrées et plats composés
Bouillon de légumes, déshydraté	287	9.7	26	16	aides culinaires et ingrédients divers
Bouillon de légumes, déshydraté reconstitué	4.8	0.3	0.5	0.2	entrées et plats composés
Bouillon de viande et légumes type pot-au-feu, dégraissé, déshydraté	197	10.8	30.9	3.1	aides culinaires et ingrédients divers
Bouillon de viande et légumes type pot-au-feu, non dégraissé, déshydraté	212	11.6	28.9	5.4	aides culinaires et ingrédients divers
Bouillon de viande et légumes type pot-au-feu, prêt à consommer	5.8	0.5	0.2	0.3	entrées et plats composés
Bouillon de volaille, déshydraté	193	13	17	8	aides culinaires et ingrédients divers
Bouillon de volaille, déshydraté reconstitué	7.2	1.2	0.3	0.1	entrées et plats composés
Boules de maïs soufflées au miel, enrichies en vitamines et minéraux	384	5.6	86.6	0.9	produits sucrés
Boules de maïs soufflées au miel, non enrichies en vitamines et minéraux	389	5.8	87.3	1.4	produits sucrés
Boulette d'Avesne	355	20.9	0	30	produits laitiers
Boulette végétale au soja et/ou blé, préemballée	211	17.6	8	10.6	entrées et plats composés
Boulettes au boeuf et à l'agneau (type kefta), préemballées, crues	220	14.9	9.7	13.3	entrées et plats composés
Boulettes au boeuf et à l'agneau (type kefta), préemballées, cuites	235	15.7	7.5	15.7	entrées et plats composés
Boulettes au boeuf, cuites	217	18.5	5.7	13.3	entrées et plats composés
Boulettes au boeuf, à la sauce tomate, préemballées	117	9	5.5	6.5	entrées et plats composés
Boulettes au porc et au boeuf (à la suédoise), préemballées, crues	254	17.4	4.8	18.2	entrées et plats composés
Boulettes au porc et au boeuf (à la suédoise), préemballées, cuites	258	14.4	7.7	18.6	entrées et plats composés
Boulgour de blé, cru	347	11.7	65.8	1.4	produits céréaliers
Boulgour de blé, cuit, sans sel ajouté	131	4.3	24.1	1	produits céréaliers
Bresaola	172	32.8	0.5	4.3	viandes, oeufs, poissons
Bretzel, pain frais	330	9.2	54.6	7.1	produits céréaliers
Brick à l'oeuf, fait maison, cuit	255	10.4	12.3	18.1	entrées et plats composés
Brick à la pomme de terre, fait maison, cuit	215	3.2	19.6	13.4	entrées et plats composés
Brie de Meaux	276	21.4	1.2	20.7	produits laitiers
Brie de Melun	288	22	0	22.2	produits laitiers
Brie, sans précision	345	17.6	0.7	30.4	produits laitiers
Brioche (ou briochettes) aux pépites de chocolat ou fourrée au chocolat, préemballée	352	8.2	51.1	12.1	produits sucrés
Brioche fourrée aux fruits, préemballée	326	5.8	52.4	9	produits sucrés
Brioche fourrée crème pâtissière (type "chinois"), préemballée	267	5.8	45.7	6	produits sucrés
Brioche nature, artisanale	420	11.3	50.7	19.1	produits sucrés
Brioche nature, préemballée	356	8	52.7	12.1	produits sucrés
Brioche pur beurre (ex : gâche vendéenne) nature, préemballée	361	8.2	51.1	13.3	produits sucrés
Brioche, sans précision (aliment moyen)	363	8.4	52.1	13	produits sucrés
Brochet, cru	87.7	18.8	1	0.9	viandes, oeufs, poissons
Brochet, rôti/cuit au four	100	23.1	0	0.9	viandes, oeufs, poissons
Brochette d'agneau	137	13.2	2.5	7.9	entrées et plats composés
Brochette de boeuf, cuite	136	21.9	0.3	5.2	entrées et plats composés
Brochette de crevettes	140	16.4	1.6	7.4	entrées et plats composés
Brochette de poisson	127	18	0.9	5.7	entrées et plats composés
Brochette de porc, crue	131	15.6	2.1	6.5	entrées et plats composés
Brochette de volaille, cuite	134	23.1	1.4	4	entrées et plats composés
Brochette mixte de viande	208	19.7	1	13.8	entrées et plats composés
Brocoli, bouilli/cuit à l'eau (aliment moyen)	21.8	2.2	1	0.5	fruits, légumes, légumineuses et oléagineux
Brocoli, bouilli/cuit à l'eau, croquant	22.2	2.5	1.2	0.4	fruits, légumes, légumineuses et oléagineux
Brocoli, bouilli/cuit à l'eau, fondant	21.8	2.2	1	0.5	fruits, légumes, légumineuses et oléagineux
Brocoli, cru	31.9	2.9	2.1	0.4	fruits, légumes, légumineuses et oléagineux
Brocoli, cuit (aliment moyen)	30	3.2	1.8	0.6	fruits, légumes, légumineuses et oléagineux
Brocoli, cuit à la vapeur	38	4.1	2.5	0.7	fruits, légumes, légumineuses et oléagineux
Brocoli, purée	29	2.5	2.8	0.4	fruits, légumes, légumineuses et oléagineux
Brocoli, surgelé, cru	26.4	2.8	1.5	0.4	fruits, légumes, légumineuses et oléagineux
Brousse (fromage de brebis frais au lactosérum)	142	9.4	4.8	9.4	produits laitiers
Brownie au chocolat et aux fruits à coques, préemballé	466	6.6	45.9	27.7	produits sucrés
Brownie au chocolat, préemballé	458	5.9	50.6	25.4	produits sucrés
Brèdes chou de Chine ou bok choy ou pak choï, tiges et feuilles, cuites à la vapeur, prélevées à La Réunion (Brassica rapa subsp. Chinensis)	16.4	1.7	1.7	0	fruits, légumes, légumineuses et oléagineux
Brème, cru	108	16.9	1	4	viandes, oeufs, poissons
Bulot ou buccin, cru	131	23.8	7.6	0.6	viandes, oeufs, poissons
Bulot ou buccin, cuit	97.7	20.7	2.7	0.5	viandes, oeufs, poissons
Burger au poisson, de restauration rapide	263	12.2	26.7	11.5	entrées et plats composés
Burger au poulet, de restauration rapide	249	12.7	23.8	11	entrées et plats composés
Burger au poulet, préemballé	230	12.4	25.2	8.4	entrées et plats composés
Burrata	259	10.8	0.9	23.4	produits laitiers
Burritos au boeuf	170	8	14.3	8.5	entrées et plats composés
Bâtonnet pané soja et blé (convient aux véganes ou végétaliens), préemballée	245	16.9	18.8	10	entrées et plats composés
Bûche de Noël pâtissière	363	4.2	39.8	20.4	produits sucrés
Bûche glacée	219	2.8	29.8	9.6	glaces et sorbets
Cabillaud ou morue du Pacifique, cru	64.8	15.3	0	0.4	viandes, oeufs, poissons
Cabillaud, cru	77.4	18.1	0	0.6	viandes, oeufs, poissons
Cabillaud, cuit à la vapeur	106	24.5	0	0.9	viandes, oeufs, poissons
Cabillaud, cuit, sans précision (aliment moyen)	100	23.3	0	0.8	viandes, oeufs, poissons
Cabillaud, rôti/cuit au four	94.6	22.3	0	0.6	viandes, oeufs, poissons
Cacahuète caramélisée ou chouchou	544	12.9	51.4	29.7	produits sucrés
Cacahuète enrobée d'un biscuit salé ou aromatisé, pour apéritif	518	15.8	45.4	29.7	produits céréaliers
Cacahuète enrobée de chocolat dragéifiée	499	9.5	55.9	25	produits sucrés
Cacahuète, grillée à sec, salée	615	21.6	17.9	47.7	fruits, légumes, légumineuses et oléagineux
Cacahuète, grillée, aromatisée	598	22.8	14.6	46.6	fruits, légumes, légumineuses et oléagineux
Cacahuète, grillée, salée	635	22.9	14.2	50.8	fruits, légumes, légumineuses et oléagineux
Cacahuète, grillée, sans sel ajouté	644	23.5	14.4	51.9	fruits, légumes, légumineuses et oléagineux
Cacahuète, sans sel ajouté	623	22.8	14.8	49.1	fruits, légumes, légumineuses et oléagineux
Cacao, sans sucres ajoutés, poudre soluble	387	22.4	11.6	20.6	eaux et autres boissons
Café au lait ou cappuccino au chocolat, poudre soluble	384	11.2	63	9	eaux et autres boissons
Café au lait ou cappuccino, poudre soluble	416	12.2	70.1	8.8	eaux et autres boissons
Café au lait, café crème ou cappuccino, instantané ou non, sans sucres ajoutés, prêt à boire	21.5	1.4	2.3	0.8	eaux et autres boissons
Café décaféiné, instantané, sans sucres ajoutés, prêt à boire	2.1	0.1	0.4	0	eaux et autres boissons
Café décaféiné, non instantané, sans sucres ajoutés, prêt à boire	4.4	0.1	0.6	0.2	eaux et autres boissons
Café expresso, non instantané, sans sucres ajoutés, prêt à boire	6.5	0.2	1.2	0.2	eaux et autres boissons
Café, décaféiné, poudre soluble	352	11.6	76	0.2	eaux et autres boissons
Café, instantané, sans sucres ajoutés, prêt à boire	1.6	0.1	0.3	0	eaux et autres boissons
Café, moulu	341	13.9	20.3	13.9	eaux et autres boissons
Café, non instantané, sans sucres ajoutés, prêt à boire	5.8	0.2	1.4	0	eaux et autres boissons
Café, poudre soluble	291	18.5	41.9	1.1	eaux et autres boissons
Caille, viande crue	128	21.8	0	4.5	viandes, oeufs, poissons
Caille, viande et peau crues	140	19.6	0	6.8	viandes, oeufs, poissons
Caille, viande et peau cuites	206	26.8	0	10.9	viandes, oeufs, poissons
Cake aux fruits (confits et/ou raisins secs), préemballé	360	4.2	55.2	12.6	produits sucrés
Cake salé (garniture : fromage, légumes, viande, poisson, volaille, etc.), préemballé	321	11.6	25.6	18.4	entrées et plats composés
Calisson d'Aix en Provence	440	8	59.8	18	produits sucrés
Calmar ou calamar ou encornet, bouilli/cuit à l'eau	149	32.5	1.6	1.4	viandes, oeufs, poissons
Calmar ou calamar ou encornet, cru	77	14.4	2.2	1.2	viandes, oeufs, poissons
Calmar ou calamar ou encornet, frit ou poêlé avec matière grasse	173	17.9	8.4	7.5	viandes, oeufs, poissons
Calmar ou calamar ou encornet, à la romaine (beignet), préemballé	229	8.7	26.7	9.5	viandes, oeufs, poissons
Camembert au lait cru ou thermisé	267	20.7	0	20.3	produits laitiers
Camembert au lait pasteurisé	275	19.2	1.3	21.5	produits laitiers
Camembert, sans précision sur le type de lait (pasteurisé ou cru)	280	19.5	0	22.5	produits laitiers
Canard en sauce (poivre vert, chasseur, etc.), préemballé	145	9.6	10.2	7.3	entrées et plats composés
Canard, cuisse avec peau, sans os, crue	104	18.7	0.3	3.1	viandes, oeufs, poissons
Canard, magret cru	337	17.9	0.1	29.4	viandes, oeufs, poissons
Canard, magret fumé	362	18	0.5	32	viandes, oeufs, poissons
Canard, magret grillé/poêlé	188	26.7	0	9.1	viandes, oeufs, poissons
Canard, viande crue	127	18.3	0	6	viandes, oeufs, poissons
Canard, viande et peau crues	273	17.4	0	22.6	viandes, oeufs, poissons
Canard, viande et peau rôties/cuites au four	331	19	0	28.4	viandes, oeufs, poissons
Canard, viande rôtie/cuite au four	194	23.3	0	11.2	viandes, oeufs, poissons
Cancoillotte (spécialité fromagère fondue)	151	13.8	0.5	10.5	produits laitiers
Canelé	298	5	61	3.2	produits sucrés
Canneberge ou cranberry, séchée, sucrée	332	0.2	76.4	1	fruits, légumes, légumineuses et oléagineux
Cannelle, poudre	243	4	27.5	1.2	aides culinaires et ingrédients divers
Cantal	378	25.3	0	31	produits laitiers
Cantal entre-deux	383	26.6	0	30.5	produits laitiers
Cantal jeune	363	24.7	0	29.1	produits laitiers
Capelan, cru	90	18.7	0	1.7	viandes, oeufs, poissons
Carambole, chair et peau, crue	28.4	1	3.8	0.3	fruits, légumes, légumineuses et oléagineux
Caramel liquide ou nappage caramel	324	0	81	0	produits sucrés
Carangue, cru	104	19.9	0	2.7	viandes, oeufs, poissons
Cardamome, poudre	321	10.8	40.5	6.7	aides culinaires et ingrédients divers
Cardine franche, crue	93.4	19.9	0	1.5	viandes, oeufs, poissons
Cardon, cru	13.7	0.7	1.7	0.1	fruits, légumes, légumineuses et oléagineux
Cardon, cuit	22	0.8	3.6	0.1	fruits, légumes, légumineuses et oléagineux
Carotte, appertisée, égouttée	21.8	0.7	3.3	0.2	fruits, légumes, légumineuses et oléagineux
Carotte, bouillie/cuite à l'eau (aliment moyen)	29.6	0.2	5.7	0	fruits, légumes, légumineuses et oléagineux
Carotte, bouillie/cuite à l'eau, croquante	33.1	0.8	6.3	0	fruits, légumes, légumineuses et oléagineux
Carotte, bouillie/cuite à l'eau, fondante	29.6	0.2	5.7	0	fruits, légumes, légumineuses et oléagineux
Carotte, crue	30.2	0.8	5.2	0	fruits, légumes, légumineuses et oléagineux
Carotte, cuite (aliment moyen)	33	0.4	6.2	0.2	fruits, légumes, légumineuses et oléagineux
Carotte, cuite à la vapeur	40.3	0.6	7.3	0.3	fruits, légumes, légumineuses et oléagineux
Carotte, déshydratée	317	8.1	56	1.5	fruits, légumes, légumineuses et oléagineux
Carotte, purée	30.1	0.9	5.1	0	fruits, légumes, légumineuses et oléagineux
Carotte, purée cuisinée à la crème, préemballée	43.7	1.4	4.6	1.6	fruits, légumes, légumineuses et oléagineux
Carotte, surgelée, crue	33.6	0.8	5	0.5	fruits, légumes, légumineuses et oléagineux
Carpaccio de boeuf, avec marinade (huile, herbes, fromage), fait maison	271	15.2	0.6	23	entrées et plats composés
Carpaccio de saumon avec marinade, fait maison	238	16.9	0.2	18.8	viandes, oeufs, poissons
Carpe, rôtie/cuite au four	151	21.6	0	7.2	viandes, oeufs, poissons
Carpe, élevage, crue	114	17.7	0	4.8	viandes, oeufs, poissons
Carrelet ou plie ou plie commune, cru	88.6	20	0	0.9	viandes, oeufs, poissons
Carrelet ou plie ou plie commune, cuit à la vapeur	93	19	0	1.9	viandes, oeufs, poissons
Carrelet ou plie ou plie commune, pané, frit	271	14.3	15.2	16.8	viandes, oeufs, poissons
Carré de l'Est	318	18.4	0.8	27	produits laitiers
Carvi, graine	334	19.8	11.9	14.6	aides culinaires et ingrédients divers
Cassis, cru	70.2	1.4	9.7	0.4	fruits, légumes, légumineuses et oléagineux
Cassoulet au canard ou oie, appertisé	161	10.5	10.1	7.9	entrées et plats composés
Cassoulet au porc, appertisé	132	8.3	8.6	6.3	entrées et plats composés
Cassoulet, appertisé	129	8.1	9.4	5.8	entrées et plats composés
Caviar d'aubergine, préemballé	154	1.3	4.4	13.8	aides culinaires et ingrédients divers
Caviar de tomates	218	2.2	6.8	19.2	aides culinaires et ingrédients divers
Caviar, semi-conserve	254	25	0	17.1	viandes, oeufs, poissons
Cerf, viande crue	114	23	0	2.4	viandes, oeufs, poissons
Cerf, viande rôtie/cuite au four	150	30.2	0	3.2	viandes, oeufs, poissons
Cerfeuil, frais	48.3	3.3	6.2	0.6	aides culinaires et ingrédients divers
Cerfeuil, séché	302	23.2	37.8	3.9	aides culinaires et ingrédients divers
Ceriser, chair et peau, sans noyau, crue	53.7	0.8	13	0	fruits, légumes, légumineuses et oléagineux
Cervelas	278	11.9	1.6	24.8	viandes, oeufs, poissons
Cervelas obernois	305	13	1	27.5	viandes, oeufs, poissons
Cervelas à l'ail, pur porc	297	12.5	0.2	27.4	viandes, oeufs, poissons
Cervelle, agneau, crue	121	10.4	0.5	8.6	viandes, oeufs, poissons
Cervelle, agneau, cuite	142	12.6	0.2	10.2	viandes, oeufs, poissons
Cervelle, porc, braisée	174	12.4	0	13.8	viandes, oeufs, poissons
Cervelle, porc, crue	128	10.3	1	9.2	viandes, oeufs, poissons
Cervelle, veau, crue	116	10.3	0.3	8.2	viandes, oeufs, poissons
Cervelle, veau, cuite	135	11.5	0.6	9.6	viandes, oeufs, poissons
Chabichou (fromage de chèvre)	305	19.4	1.5	24.8	produits laitiers
Chair à saucisse crue	323	14.7	0.6	29.1	viandes, oeufs, poissons
Chair à saucisse, pur porc, crue	258	16.9	0	21.2	viandes, oeufs, poissons
Champagne	76.1	0.3	1.4	0	eaux et autres boissons
Champignon de Paris ou champignon de couche, appertisé, égoutté	18.3	2	0.6	0.4	fruits, légumes, légumineuses et oléagineux
Champignon de Paris ou champignon de couche, bouilli/cuit à l'eau	28.7	2.2	3	0.5	fruits, légumes, légumineuses et oléagineux
Champignon de Paris ou champignon de couche, cru	21	2.1	1.8	0.4	fruits, légumes, légumineuses et oléagineux
Champignon de Paris ou champignon de couche, sauté/poêlé, sans matière grasse	38.4	4.4	4.5	0.6	fruits, légumes, légumineuses et oléagineux
Champignon de Paris ou champignon de couche, surgelé, cru	16.1	1.9	0.9	0.2	fruits, légumes, légumineuses et oléagineux
Champignon, chanterelle ou girolle, crue	24.7	1.5	1.8	0.5	fruits, légumes, légumineuses et oléagineux
Champignon, cèpe, cru	28.8	3.2	2	0.5	fruits, légumes, légumineuses et oléagineux
Champignon, lentin comestible ou shiitaké, cuit	60.9	1.6	12.3	0.2	fruits, légumes, légumineuses et oléagineux
Champignon, lentin comestible ou shiitaké, séché	316	9.6	63.9	1	fruits, légumes, légumineuses et oléagineux
Champignon, morille, crue	23.5	3.1	0.1	0.6	fruits, légumes, légumineuses et oléagineux
Champignon, pleurote, crue	26.8	3.3	1.5	0.4	fruits, légumes, légumineuses et oléagineux
Champignon, tout type, appertisé, égoutté	24.9	1.9	2.6	0.3	fruits, légumes, légumineuses et oléagineux
Champignon, tout type, cru	24.3	2.4	2.2	0.3	fruits, légumes, légumineuses et oléagineux
Champignons à la grecque, préemballés	76.3	2.1	3.5	5.5	entrées et plats composés
Chanvre ou chènevis, graine décortiquée	617	30.8	5.4	48.8	fruits, légumes, légumineuses et oléagineux
Chaource	278	17.3	0.6	22.9	produits laitiers
Chapelure	365	9.4	74.3	1.6	produits céréaliers
Chapon, viande et peau crues	195	19.9	0	12.8	viandes, oeufs, poissons
Chapon, viande et peau rôties/cuites au four	221	29	0	11.7	viandes, oeufs, poissons
Charcuterie (aliment moyen)	241	18.6	1.9	17.5	viandes, oeufs, poissons
Charlotte aux fruits	200	5.2	28.2	6.6	produits sucrés
Chausson aux pommes	360	4.2	42.2	18.7	produits sucrés
Chayote ou christophine ou chouchou, bouillie/cuite à l'eau	21.6	0.6	2.3	0.5	fruits, légumes, légumineuses et oléagineux
Chayote ou christophine ou chouchou, chair sans peau, sans noyau, cuite à la vapeur, prélevée à La Réunion (Sechium edule)	20.9	0.6	3.5	0	fruits, légumes, légumineuses et oléagineux
Chayote ou christophine ou chouchou, crue	19.1	0.8	2.8	0.1	fruits, légumes, légumineuses et oléagineux
Cheddar	399	24.7	1.2	32.6	produits laitiers
Cheeseburger, de restauration rapide	290	13.7	22.3	15.8	entrées et plats composés
Cheeseburger, préemballé	265	13.6	22.7	13	entrées et plats composés
Cheesecake, préemballé	337	5.4	34.1	19.7	produits sucrés
Cheval, entrecôte crue	118	22.1	0	3.3	viandes, oeufs, poissons
Cheval, entrecôte grillée/poêlée	169	28.2	0	6.2	viandes, oeufs, poissons
Cheval, faux-filet cru	121	22.2	0	3.6	viandes, oeufs, poissons
Cheval, faux-filet grillé/poêlé	163	26.6	0	6.3	viandes, oeufs, poissons
Cheval, faux-filet rôti/cuit au four	173	28.3	0	6.7	viandes, oeufs, poissons
Cheval, steak ou bifteck cru	129	21.4	0.4	4.6	viandes, oeufs, poissons
Cheval, tende de tranche crue	106	22.7	0	1.7	viandes, oeufs, poissons
Cheval, tende de tranche grillée/poêlée	135	27.9	0	2.6	viandes, oeufs, poissons
Cheval, tende de tranche rôtie/cuite au four	144	29.7	0	2.8	viandes, oeufs, poissons
Cheval, viande crue	132	20.2	0.5	5.5	viandes, oeufs, poissons
Cheval, viande rôtie/cuite au four	138	28	0	2.9	viandes, oeufs, poissons
Chevreau, viande crue	103	20.6	0	2.3	viandes, oeufs, poissons
Chevreau, viande cuite	136	27.1	0	3	viandes, oeufs, poissons
Chevreuil, viande crue	110	23	0	2	viandes, oeufs, poissons
Chevreuil, viande rôtie/cuite au four	174	32.6	0	4.8	viandes, oeufs, poissons
Chevrot (fromage de chèvre)	263	17.2	1.4	21.1	produits laitiers
Chewing-gum, sans précision sur la teneur en sucres (aliment moyen)	263	0.2	79.9	0.4	produits sucrés
Chewing-gum, sans sucres	206	0.2	76	0.2	produits sucrés
Chewing-gum, sucré	360	0.2	86.4	0.7	produits sucrés
Chia, graine, séchée	454	16.5	7.7	30.7	fruits, légumes, légumineuses et oléagineux
Chicorée et café, instantané, sans sucres ajoutés, prête à boire (reconstituée avec de l'eau)	27.8	0.6	6.1	0	eaux et autres boissons
Chicorée et café, instantané, sans sucres ajoutés, prête à boire (reconstituée avec du lait demi-écrémé)	53.7	3.7	5.9	1.6	eaux et autres boissons
Chicorée et café, poudre soluble	332	9.3	66.9	0.3	eaux et autres boissons
Chicorée rouge, crue	18.9	1.4	1.6	0.1	fruits, légumes, légumineuses et oléagineux
Chicorée verte, crue	16.1	1.9	0.5	0.5	fruits, légumes, légumineuses et oléagineux
Chicorée, instantanée, sans sucres ajoutés, prête à boire (reconstituée avec du lait demi-écrémé)	93.5	0	7.1	7.1	eaux et autres boissons
Chicorée, poudre soluble	323	3.3	57.2	2.5	eaux et autres boissons
Chili con carne, préemballé	118	7.1	13	3.4	entrées et plats composés
Chinchard gras, cru	147	19.6	0	7.7	viandes, oeufs, poissons
Chinchard maigre, cru	96.7	18.7	0	2.4	viandes, oeufs, poissons
Chinchard, cru	116	19	0	4.4	viandes, oeufs, poissons
Chipolata crue	253	15.8	1	20.6	viandes, oeufs, poissons
Chipolata cuite	283	18.8	0.8	22.4	viandes, oeufs, poissons
Chips de maïs ou tortilla chips, aromatisé	499	6.5	59.1	25.4	produits céréaliers
Chips de maïs ou tortilla chips, nature	488	6.1	62.6	22.5	produits céréaliers
Chips de pommes de terre nature ou aromatisées	532	6	51	32.7	fruits, légumes, légumineuses et oléagineux
Chips de pommes de terre nature ou aromatisées, allégées en matière grasse (et assimilés )	481	6.6	61.4	22.1	fruits, légumes, légumineuses et oléagineux
Chips de pommes de terre nature ou aromatisées, sans sel ajouté	503	6.2	47.6	30.8	fruits, légumes, légumineuses et oléagineux
Chips de pommes de terre nature ou aromatisées, à l'ancienne	551	5.6	46.7	36.9	fruits, légumes, légumineuses et oléagineux
Chips, beignet ou pétale à la crevette	508	3.1	63.7	26.6	produits céréaliers
Chocolat au lait aux céréales croustillantes, tablette	515	7.2	60.6	26.6	produits sucrés
Chocolat au lait aux fruits secs (noisettes, amandes, raisins, praline), tablette	559	8.4	48.7	35.9	produits sucrés
Chocolat au lait fourré au praliné, tablette	559	7.3	52.9	34.9	produits sucrés
Chocolat au lait sans sucres ajoutés, avec édulcorants, tablette	487	5.8	54.2	34.6	produits sucrés
Chocolat au lait, tablette	550	7.5	58.9	30.8	produits sucrés
Chocolat blanc aux fruits secs (noisettes, amandes, raisins, praliné) , tablette	579	7.6	48	39.1	produits sucrés
Chocolat blanc, tablette	563	6.2	57.1	34.2	produits sucrés
Chocolat chaud, boisson instantanée, sucrée, enrichie en vitamines, prête à boire (reconstituée avec du lait demi-écrémé)	71.4	4.1	9.9	1.7	eaux et autres boissons
Chocolat chaud, boisson instantanée, sucrée, prête à boire (reconstituée avec du lait demi-écrémé)	65.9	3.8	9.5	1.4	eaux et autres boissons
Chocolat noir 40% de cacao et plus, à pâtisser, tablette	546	6.4	51.4	33.1	produits sucrés
Chocolat noir 50 % de cacao environ, tablette	521	6	53	29.6	produits sucrés
Chocolat noir 70 % de cacao environ, de dégustation, tablette	591	10.4	26.9	46.3	produits sucrés
Chocolat noir aux fruits (orange, framboise, poire), tablette	539	6.8	45.3	34.4	produits sucrés
Chocolat noir aux fruits secs (noisettes, amandes, raisins, praline), tablette	567	8.7	40.7	39	produits sucrés
Chocolat noir fourrage confiseur à la menthe	445	2.9	70.2	16	produits sucrés
Chocolat noir fourré praliné, tablette	559	6.4	52.4	34.8	produits sucrés
Chocolat noir sans sucres ajoutés, avec édulcorants, en tablette	525	8.5	34.1	42.3	produits sucrés
Chocolat, tablette (aliment moyen)	552	7.6	50.4	34.2	produits sucrés
Chop suey (porc ou poulet, légumes), préemballé	78.2	5	7.8	3	entrées et plats composés
Chorizo	425	23.5	1.2	36.1	viandes, oeufs, poissons
Chorizo supérieur, doux ou fort, type charcuterie en tranches	320	22.6	1.5	23.9	viandes, oeufs, poissons
Chorizo supérieur, doux ou fort, type saucisse sèche	474	20.9	1.9	41.9	viandes, oeufs, poissons
Chou blanc, bouilli/cuit à l'eau	20.8	1	3.2	0	fruits, légumes, légumineuses et oléagineux
Chou blanc, cru	35.2	1.4	4.6	0.6	fruits, légumes, légumineuses et oléagineux
Chou chinois pak choï ou pak choy (feuilles vertes ressemblant à des blettes), cru	14.6	1.5	1.2	0.2	fruits, légumes, légumineuses et oléagineux
Chou chinois pak choï ou pak choy (feuilles vertes ressemblant à des blettes), cuit	12.8	1.6	0.8	0.2	fruits, légumes, légumineuses et oléagineux
Chou chinois pé-tsaï, cru	16.4	1.2	2.1	0.2	fruits, légumes, légumineuses et oléagineux
Chou chinois pé-tsaï, sauté/poêlé	18.9	1.1	2.8	0	fruits, légumes, légumineuses et oléagineux
Chou de Bruxelles, appertisé, égoutté	37.8	2.5	4.1	0.5	fruits, légumes, légumineuses et oléagineux
Chou de Bruxelles, bouilli/cuit à l'eau	44.4	3.2	5.4	0	fruits, légumes, légumineuses et oléagineux
Chou de Bruxelles, cru	43.9	3.4	4.6	0.3	fruits, légumes, légumineuses et oléagineux
Chou de Bruxelles, surgelé, cru	45.2	3.8	4.7	0.4	fruits, légumes, légumineuses et oléagineux
Chou farci, préemballé	94.9	5.3	2	6.6	entrées et plats composés
Chou frisé, cru	49.5	4.3	4.2	0.9	fruits, légumes, légumineuses et oléagineux
Chou frisé, cuit	29.7	1.9	3.6	0.4	fruits, légumes, légumineuses et oléagineux
Chou kale, cru	34.6	2.9	0.3	1.5	fruits, légumes, légumineuses et oléagineux
Chou romanesco ou brocoli à pomme, cru	29.7	3	2.2	0.3	fruits, légumes, légumineuses et oléagineux
Chou romanesco ou brocoli à pomme, cuit	34.5	3	2	0.8	fruits, légumes, légumineuses et oléagineux
Chou rouge, bouilli/cuit à l'eau	25.3	1.5	3.3	0.1	fruits, légumes, légumineuses et oléagineux
Chou rouge, cru	26.4	1.1	4.3	0	fruits, légumes, légumineuses et oléagineux
Chou rouge, cuit (aliment moyen)	31.8	1.3	5.1	0.1	fruits, légumes, légumineuses et oléagineux
Chou rouge, cuit à l'étouffée	33.9	1.2	5.7	0	fruits, légumes, légumineuses et oléagineux
Chou vert, bouilli/cuit à l'eau	19	1.6	1.8	0	fruits, légumes, légumineuses et oléagineux
Chou vert, cru	24.4	1.4	2.7	0.1	fruits, légumes, légumineuses et oléagineux
Chou vert, cuit	24.1	1	3	0.5	fruits, légumes, légumineuses et oléagineux
Chou à la crème chantilly, Saint-honoré	337	4.6	22.9	25	produits sucrés
Chou à la crème pâtissière	225	4.3	34.9	7.3	produits sucrés
Chou à la crème, sans précision (chantilly ou pâtissière)	325	4.5	25.1	22.9	produits sucrés
Chou-fleur, bouilli/cuit à l'eau	20.9	1.6	1.6	0.5	fruits, légumes, légumineuses et oléagineux
Chou-fleur, cru	24.9	1.8	2.1	0.7	fruits, légumes, légumineuses et oléagineux
Chou-fleur, cuit à la vapeur	30.5	2.6	3.4	0.3	fruits, légumes, légumineuses et oléagineux
Chou-fleur, surgelé, cru	25.1	2	2.5	0.3	fruits, légumes, légumineuses et oléagineux
Chou-rave, bouilli/cuit à l'eau	28	1.8	4.4	0.1	fruits, légumes, légumineuses et oléagineux
Chou-rave, cru	25.1	1.7	2.4	0.1	fruits, légumes, légumineuses et oléagineux
Choucroute cuisinée aux lardons, sans garniture, égouttée, cuite	75.5	1.4	0	6.6	entrées et plats composés
Choucroute garnie, préemballée	109	5.1	2.8	8.1	entrées et plats composés
Chouquette	408	9.1	40.6	22.9	produits sucrés
Châtaigne ou marron, appertisé	145	2	28.8	1.4	fruits, légumes, légumineuses et oléagineux
Châtaigne, bouillie/cuite à l'eau	123	2	23	1.4	fruits, légumes, légumineuses et oléagineux
Châtaigne, crue	189	2	36.8	1.8	fruits, légumes, légumineuses et oléagineux
Châtaigne, grillée	211	3.3	41.1	1.7	fruits, légumes, légumineuses et oléagineux
Ciboule ou ciboulette, fraîche	30.8	2.5	2.9	0.5	aides culinaires et ingrédients divers
Cidre (aliment moyen)	36.5	0.1	3.7	0	eaux et autres boissons
Cidre aromatisé aux fruits	38.4	0.2	7.1	0	eaux et autres boissons
Cidre bouché demi-sec	44.3	0.2	4.4	0	eaux et autres boissons
Cidre brut	35.9	0	2.6	0	eaux et autres boissons
Cidre doux	38.9	0.2	6.4	0	eaux et autres boissons
Cidre traditionnel	32.5	0	1.9	0	eaux et autres boissons
Citron givré ou orange givrée (sorbet)	133	0.1	29.1	1.8	glaces et sorbets
Citron vert ou lime, chair sans peau, sans pépins, cru	39.3	1.1	3.1	0	fruits, légumes, légumineuses et oléagineux
Citron, chair sans peau, sans pépins, cru	24.3	0.2	1.6	0	fruits, légumes, légumineuses et oléagineux
Citronnade, boisson plate au citron (teneur en fruits >= 10% et < 50%), sucrée	23.2	0	5.8	0	eaux et autres boissons
Citrouille, chair sans peau, crue	29.7	1	5.8	0.1	fruits, légumes, légumineuses et oléagineux
Clafoutis aux fruits, rayon frais	198	5.2	29.4	6.4	produits laitiers
Clam, praire ou palourde, bouilli/cuit à l'eau	99.2	16.2	5.3	1.5	viandes, oeufs, poissons
Clam, praire ou palourde, cru	80.5	11.5	2.7	2.6	viandes, oeufs, poissons
Clou de girofle	335	6	31.6	13	aides culinaires et ingrédients divers
Clémentine ou mandarine, chair sans peau, sans pépins, crue	45.5	0.8	9.2	0	fruits, légumes, légumineuses et oléagineux
Cocktail ou boisson apéritive sans alcool à base de jus de fruits et de sirop	46	0.4	10.9	0	eaux et autres boissons
Cocktail ou boisson apéritive sans alcool à base de jus de fruits sans sirop	42.8	0	10.7	0	eaux et autres boissons
Cocktail type punch, 16% alcool, préemballé	159	0.6	17.8	0	eaux et autres boissons
Cocktail à base de rhum	121	0	7.7	2.2	eaux et autres boissons
Cocktail à base de whisky	166	0	15.8	0	eaux et autres boissons
Coeur de palmier, appertisé, égoutté	41.5	2.5	5.5	0.6	fruits, légumes, légumineuses et oléagineux
Coeur, agneau, cru	118	16.5	0.2	5.7	viandes, oeufs, poissons
Coeur, agneau, cuit	179	25	1.9	7.9	viandes, oeufs, poissons
Coeur, boeuf, cru	103	18.5	0.6	3	viandes, oeufs, poissons
Coeur, boeuf, cuit	133	23	0	4.5	viandes, oeufs, poissons
Coeur, dinde, cru	135	16.7	0.4	7.4	viandes, oeufs, poissons
Coeur, dinde, cuit	167	24.9	0	7.5	viandes, oeufs, poissons
Coeur, porc, cru	114	17.3	1.3	4.4	viandes, oeufs, poissons
Coeur, poulet, cru	149	15.6	0.7	9.3	viandes, oeufs, poissons
Coeur, poulet, cuit	177	26.4	0.1	7.9	viandes, oeufs, poissons
Coeur, veau, cru	105	17.2	0.1	4	viandes, oeufs, poissons
Coing, cru	59	0.4	12.5	0.1	fruits, légumes, légumineuses et oléagineux
Cola, sans précision sur la teneur en sucres et édulcorants (aliment moyen)	27.5	0	6.9	0	eaux et autres boissons
Cola, sans sucres ajoutés, avec édulcorants	1	0	0.2	0	eaux et autres boissons
Cola, sans sucres ajoutés, avec édulcorants, sans caféine	0.1	0.1	0.1	0.1	eaux et autres boissons
Cola, sucré	40.1	0	10	0	eaux et autres boissons
Cola, sucré, avec édulcorants	24.3	0	6.1	0	eaux et autres boissons
Cola, sucré, sans caféine	40.9	0.1	10.2	0.1	eaux et autres boissons
Compote d'abricot, préemballée	103	0.7	24.1	0.1	fruits, légumes, légumineuses et oléagineux
Compote de pomme, allégée en sucres, rayon ambiant	64.3	0.2	15.1	0.1	fruits, légumes, légumineuses et oléagineux
Compote de pomme, préemballée	107	0.2	25.8	0.2	fruits, légumes, légumineuses et oléagineux
Compote de pomme, sans précision sur la teneur en sucres ni sur le rayon (aliment moyen)	93.5	0.2	22.4	0.2	fruits, légumes, légumineuses et oléagineux
Compote de pêche, préemballée	106	0.6	24.9	0.1	fruits, légumes, légumineuses et oléagineux
Compote de rhubarbe, préemballée	111	0.6	25.8	0.1	fruits, légumes, légumineuses et oléagineux
Compote ou assimilé, tout type de fruits, sans précision sur la teneur en sucres (allégée en sucres ou non, sans sucres ajoutés…) ni sur le rayon (aliment moyen)	80.2	0.3	19.1	0.2	fruits, légumes, légumineuses et oléagineux
Compote, autres fruits, préemballée	101	0.2	23.9	0.1	fruits, légumes, légumineuses et oléagineux
Compote, tout type de fruits autres que pomme seule, allégée en sucres, préemballée, rayon ambiant	65.7	0.2	15.4	0.2	fruits, légumes, légumineuses et oléagineux
Compote, tout type de fruits, allégée en sucres, préemballée, rayon frais	63.8	0.2	14.7	0.1	fruits, légumes, légumineuses et oléagineux
Comté	413	27.8	0	33.8	produits laitiers
Concombre, chair et peau, cru	16.8	0.7	2.9	0.1	fruits, légumes, légumineuses et oléagineux
Concombre, chair sans peau, cru	11.1	0.6	2.2	0	fruits, légumes, légumineuses et oléagineux
Confiserie au chocolat dragéifiée	505	5.5	64.9	24.3	produits sucrés
Confit de canard, appertisé	273	25.7	0.1	18.8	viandes, oeufs, poissons
Confit de canard, viande (cuisse), sans peau, appertisé, réchauffé	195	32	0	7.4	viandes, oeufs, poissons
Confit de foie de porc	320	15.4	1.3	28.1	viandes, oeufs, poissons
Confit de foie de volaille	361	13.7	6.2	31	viandes, oeufs, poissons
Confiture d'abricot (extra ou classique)	246	0.2	59.7	0.3	produits sucrés
Confiture d'abricot, allégée en sucres	167	0.4	40.5	0.1	produits sucrés
Confiture de cerise (extra ou classique)	238	0.5	58.1	0.2	produits sucrés
Confiture de figue (extra ou classique)	243	0.6	59.1	0.2	produits sucrés
Confiture de fraise (extra ou classique)	248	0.2	60.5	0.5	produits sucrés
Confiture de fraise, allégée en sucres	166	0.3	40.3	0.1	produits sucrés
Confiture de framboise (extra ou classique)	232	0.6	55.2	0.2	produits sucrés
Confiture de framboise, allégée en sucres	167	0.7	39.2	0.1	produits sucrés
Confiture de lait	340	6.8	61.7	7.3	produits sucrés
Confiture de myrtille (extra ou classique)	245	0.2	58.9	0.4	produits sucrés
Confiture de mûre (extra ou classique)	245	0.4	58.3	0.6	produits sucrés
Confiture de prune, par ex. mirabelle, quetsche, reine-claude (extra ou classique)	240	0.3	58.9	0.1	produits sucrés
Confiture de pêche (extra ou classique)	242	0.3	59.5	0.1	produits sucrés
Confiture de rhubarbe (extra ou classique)	239	0.3	58.6	0.1	produits sucrés
Confiture ou marmelade ou gelée, tout type de fruits, non allégée en sucres (aliment moyen)	244	0.3	59.3	0.3	produits sucrés
Confiture ou marmelade, tout type de fruits, sans précision sur la teneur en sucres (aliment moyen)	235	0.4	57.1	0.3	produits sucrés
Confiture, autres fruits ou mélange de fruits (extra ou classique)	244	0.4	59.8	0.1	produits sucrés
Confiture, autres fruits ou mélange de fruits, allégée en sucres (extra ou classique)	162	0.8	38	0.2	produits sucrés
Congre ou congre commun, cru	127	18.3	3.1	4.6	viandes, oeufs, poissons
Cookie au chocolat et aux fruits à coque (noisettes, amandes, noix de pécan…), préemballé	507	6.8	57	27.1	produits sucrés
Cookie au chocolat, préemballé	493	6.4	61	23.8	produits sucrés
Cookie aux cranberries et au chocolat blanc, préemballé	488	4.8	65.9	22.4	produits sucrés
Cookie aux pépites de chocolat et à la noix de coco, préemballé	519	5.9	54.5	29.8	produits sucrés
Coppa	284	25	1	20	viandes, oeufs, poissons
Coq au vin	133	13	4	7	entrées et plats composés
Coque, cuite	86.9	13.6	5.6	1.1	viandes, oeufs, poissons
Coquille Saint-Jacques, noix et corail, crue	83	17	0.8	1.3	viandes, oeufs, poissons
Coquille Saint-Jacques, noix et corail, cuite	110	20.2	3.2	1.8	viandes, oeufs, poissons
Coquille Saint-Jacques, noix, crue	83.6	17.9	1.1	0.8	viandes, oeufs, poissons
Corb, cru	87.2	20	0	0.8	viandes, oeufs, poissons
Cordon bleu de volaille, préemballé	226	14	14.6	12.2	entrées et plats composés
Coriandre, fraiche	22.3	2.1	0.9	0.5	aides culinaires et ingrédients divers
Coriandre, graine	345	12.4	13	17.8	aides culinaires et ingrédients divers
Corne de gazelle (pâtisserie orientale aux amandes en forme de croissant recouverte de sucre glace)	474	8.6	60.2	22.1	produits sucrés
Corned-beef, appertisé	191	23.2	0	10.9	viandes, oeufs, poissons
Cornichon, aigre-doux	36	1.2	5	0.3	aides culinaires et ingrédients divers
Cornichon, au vinaigre	16	1.1	0.8	0	aides culinaires et ingrédients divers
Corégone lavaret ou lavaret, cru	115	20.5	0	3.7	viandes, oeufs, poissons
Coulirou, cru	70.9	17.5	0	0.1	viandes, oeufs, poissons
Coulis de fruits rouges (framboises, fraises, groseilles, cassis)	124	0.6	27.7	0.5	aides culinaires et ingrédients divers
Coulommiers	280	18.8	0	23	produits laitiers
Coupe glacée parfum pêche Melba ou poire Belle-Hélène	160	1.5	28.9	4.1	glaces et sorbets
Coupe glacée type café ou chocolat liégeois	210	2.7	28.7	9.2	glaces et sorbets
Courge butternut (doubeurre), chair sans peau, bouillie/cuite à l'eau	28.2	0.7	4.6	0.2	fruits, légumes, légumineuses et oléagineux
Courge butternut (doubeurre), chair sans peau, crue	30.5	1	5.4	0.1	fruits, légumes, légumineuses et oléagineux
Courge butternut (doubeurre), chair sans peau, cuite	28.9	1.1	5.2	0	fruits, légumes, légumineuses et oléagineux
Courge hokkaïdo, chair sans peau, crue	56.1	1.4	10	0.6	fruits, légumes, légumineuses et oléagineux
Courge melonnette, chair sans peau, crue	30.8	0.8	6	0.1	fruits, légumes, légumineuses et oléagineux
Courge musquée, chair sans peau, crue	23.5	0.6	4.6	0.1	fruits, légumes, légumineuses et oléagineux
Courge spaghetti, chair sans peau, crue	32.3	0.6	5.4	0.6	fruits, légumes, légumineuses et oléagineux
Courge spaghetti, chair sans peau, cuite	28	0.7	5.1	0.3	fruits, légumes, légumineuses et oléagineux
Courge, crue	14.4	0.9	1.6	0.1	fruits, légumes, légumineuses et oléagineux
Courge, graine, séchée	618	29.5	5.4	49.1	fruits, légumes, légumineuses et oléagineux
Courgette, chair et peau, crue	16.7	1.2	1.8	0.3	fruits, légumes, légumineuses et oléagineux
Courgette, chair et peau, cuite	15.5	0.9	1.4	0.4	fruits, légumes, légumineuses et oléagineux
Courgette, chair et peau, rôtie/cuite au four	20.3	1.5	3.1	0	fruits, légumes, légumineuses et oléagineux
Courgette, chair et peau, surgelée, crue	16.5	1.1	2	0.1	fruits, légumes, légumineuses et oléagineux
Courgette, purée	57.3	2.8	6.5	1.9	fruits, légumes, légumineuses et oléagineux
Couronne des rois (brioche) aux fruits confits, préemballée	353	7.2	52.8	12.3	produits sucrés
Court-bouillon pour poissons, déshydraté	260	5	7	23	aides culinaires et ingrédients divers
Couscous au mouton	149	8.3	12.2	7.2	entrées et plats composés
Couscous au poisson	105	7.5	14.2	1.6	entrées et plats composés
Couscous au poulet	130	7.5	15.6	3.9	entrées et plats composés
Couscous de légumes, préemballé	108	4.3	16.4	2.2	entrées et plats composés
Couscous royal (avec plusieurs viandes), préemballé	132	7.7	14	4.5	entrées et plats composés
Couscous à la viande ou au poulet, allégé en matière grasse, préemballé,	90.7	5.9	11.5	1.9	entrées et plats composés
Couscous à la viande, préemballé	128	7.6	12.5	4.7	entrées et plats composés
Crabe ou tourteau, bouilli/cuit à l'eau	124	19.5	1.8	4.3	viandes, oeufs, poissons
Crabe, cru	104	19.5	0	2.9	viandes, oeufs, poissons
Crabe, miettes et ou pattes décortiquées, appertisé, égoutté	97.8	18.1	4.2	1	viandes, oeufs, poissons
Cracker de table au blé complet	436	12.6	55.6	15.4	produits céréaliers
Cracker de table au fromage et aux graines	455	17.9	47.3	18.5	produits céréaliers
Cracker de table au froment	442	10.4	68.6	12.3	produits céréaliers
Cracker de table aux graines	445	14.3	49.9	17.7	produits céréaliers
Cresson alénois, cru	23.8	2.6	1.2	0.7	fruits, légumes, légumineuses et oléagineux
Cresson de fontaine, cru	15.5	2.3	1.1	0.1	fruits, légumes, légumineuses et oléagineux
Crevette blanche ou crevette tropicale (rose), élevage, cuite	97.5	22.1	0.1	0.9	viandes, oeufs, poissons
Crevette bouquet, sauvage, cuite	103	22.8	0	1.3	viandes, oeufs, poissons
Crevette grise, cuite	89.4	19.4	0.5	1.1	viandes, oeufs, poissons
Crevette sauvage, cuite	97.3	22	0	1	viandes, oeufs, poissons
Crevette tropicale (rose), cuite (Penaeus brasiliensis)	117	26.6	0	1.2	viandes, oeufs, poissons
Crevette tropicale (tigrée), élevage, cuite	101	22.6	0.8	0.8	viandes, oeufs, poissons
Crevette, crue	99	19.7	3.2	0.8	viandes, oeufs, poissons
Crevette, cuite	91.3	20.5	0.2	0.8	viandes, oeufs, poissons
Crevette, surgelée, crue	105	23.4	0.7	0.9	viandes, oeufs, poissons
Crevette, élevage, cuite (aliment moyen)	100	22.5	0.6	0.8	viandes, oeufs, poissons
Crevettes grises, décortiquées, cuites, réfrigérées, préemballées	91.7	20.7	0.1	1	viandes, oeufs, poissons
Crevettes, décortiquées, cuites, réfrigérées, préemballées	92.5	18.3	2.6	1	viandes, oeufs, poissons
Criste marine, fraîche, crue	39.4	2.6	3.4	0.7	aides culinaires et ingrédients divers
Croissant au jambon fromage, fait maison	264	7.9	24.8	14.6	entrées et plats composés
Croissant au jambon fromage, préemballé	258	8.9	22	14.5	entrées et plats composés
Croissant aux amandes, artisanal	449	7.6	36.5	29.1	produits sucrés
Croissant ordinaire, artisanal	412	6.3	47.6	21.1	produits sucrés
Croissant ordinaire, préemballé	398	7	46.7	19.1	produits sucrés
Croissant pur beurre, artisanal	420	6.6	45.7	22.6	produits sucrés
Croissant pur beurre, préemballé	388	6.3	45.7	18.9	produits sucrés
Croissant pur beurre, sans précision (aliment moyen)	420	6.6	45.7	22.6	produits sucrés
Croissant, sans précision (aliment moyen)	417	6.6	46.2	22.1	produits sucrés
Croque-madame, fait maison	261	13.7	16.1	15.5	entrées et plats composés
Croque-monsieur, préemballé	253	10.6	26.1	11.4	entrées et plats composés
Croquette de pomme de terre, surgelée, à cuire	164	2.5	22.4	6.6	fruits, légumes, légumineuses et oléagineux
Crosne, cuit	49	2.1	9.1	0	fruits, légumes, légumineuses et oléagineux
Crosne, surgelé, cru	51.8	7.4	5.5	0	fruits, légumes, légumineuses et oléagineux
Crottin de Chavignol (fromage de chèvre)	318	20.7	1.3	25.8	produits laitiers
Crottin de chèvre, au lait cru	384	23.2	0	32.6	produits laitiers
Crottin de chèvre, sans précision sur le type de lait - pasteurisé ou cru -	344	22.4	1	28	produits laitiers
Croûton nature, préemballé	459	9.2	62.4	17.9	produits céréaliers
Croûton, au fromage, préemballé	535	8.2	52.3	32	produits céréaliers
Croûton, à l'ail, aux fines herbes ou aux oignons, préemballé	484	8.9	59	22.9	produits céréaliers
Croûton, à tartiner, préemballé	374	12.3	70	2.9	produits céréaliers
Crudité, sans assaisonnement (aliment moyen)	27.7	0.9	3.1	1.1	fruits, légumes, légumineuses et oléagineux
Crumble aux pommes, préemballé	226	1.7	35.4	8.2	produits sucrés
Crème 12 à 20% MG, légère, fluide, rayon frais	173	3	4.3	16	produits laitiers
Crème 12 à 25% MG, légère, semi-épaisse, UHT	189	2.8	4.3	17.6	produits laitiers
Crème 12 à 25% MG, légère, épaisse, rayon frais	162	2.6	4.5	14.4	produits laitiers
Crème 30% MG, fluide, UHT	293	2.2	3.7	30	produits laitiers
Crème 30% MG, semi-épaisse, UHT	294	2.5	1.9	30.7	produits laitiers
Crème 30% MG, épaisse, rayon frais	285	2.3	1.4	29.9	produits laitiers
Crème anglaise, préemballée	97.3	3.4	14.8	2.5	aides culinaires et ingrédients divers
Crème aux oeufs (petit pot de crème chocolat, vanille, etc.), rayon frais	162	4.3	17.5	8.1	produits laitiers
Crème brûlée, rayon frais	269	4.4	17.5	20.1	produits laitiers
Crème caramel, rayon frais	155	4.8	21	5.7	produits laitiers
Crème chantilly, sous pression, UHT	305	2.1	10.6	28.2	produits laitiers
Crème d'Isigny, >= 35% MG	382	2.5	3	40	produits laitiers
Crème de cassis	245	0	41	0	eaux et autres boissons
Crème de marron ou confiture de châtaigne, préemballée	278	0.9	65.9	0.7	produits sucrés
Crème de pruneaux, préemballée	240	1.4	55	0.5	produits sucrés
Crème dessert au café, rayon frais	118	2.9	17.3	4.1	produits laitiers
Crème dessert au caramel, rayon frais	108	2.9	18.1	2.7	produits laitiers
Crème dessert au chocolat et billes de céréales chocolatées, rayon frais	140	3.9	22.5	3.8	produits laitiers
Crème dessert au chocolat, appertisée	138	3.2	21.8	3.4	produits laitiers
Crème dessert au chocolat, rayon frais	121	3.5	17.9	3.5	produits laitiers
Crème dessert à la vanille, appertisée	133	3.9	21.1	3.6	produits laitiers
Crème dessert à la vanille, rayon frais	103	3	16.2	2.9	produits laitiers
Crème dessert, allégée en matière grasse, rayon frais	78.2	3.7	12.6	1.1	produits laitiers
Crème dessert, appertisée (aliment moyen)	136	3.5	21.5	3.5	produits laitiers
Crème dessert, rayon frais (aliment moyen)	138	3.5	17.4	5.8	produits laitiers
Crème dessert, rayon frais ou appertisée (aliment moyen)	138	3.5	17.6	5.8	produits laitiers
Crème ou spécialité à base de crème légère, sans précision sur la teneur en matière grasse (aliment moyen)	248	2.5	2.9	25	produits laitiers
Crème ou spécialité à base de crème légère, sans précision sur la teneur en matière grasse, fluide (aliment moyen)	244	2.5	4	24.2	produits laitiers
Crème ou spécialité à base de crème légère, sans précision sur la teneur en matière grasse, épaisse ou semi-épaisse (aliment moyen)	165	2.7	4.5	14.7	produits laitiers
Crème pâtissière instantanée, reconstituée	120	3.8	18	3.6	produits laitiers
Crêpe dentelle nature	467	6.4	73.1	16.2	produits sucrés
Crêpe dentelle, nappée de chocolat	498	5.8	67.4	22.1	produits sucrés
Crêpe fourrée au chocolat et aux billes de céréales croustillantes, préemballée	448	6.8	58.3	20.3	produits sucrés
Crêpe fourrée au chocolat ou à la pâte à tartiner chocolat et noisettes, faite maison	388	7.8	54.3	15.1	produits sucrés
Crêpe fourrée au chocolat, préemballée	439	6.8	58.6	19.1	produits sucrés
Crêpe fourrée au sucre, préemballée	406	6.6	58.7	15.8	produits sucrés
Crêpe fourrée fraise, préemballée	351	5	64.3	7.9	produits sucrés
Crêpe fourrée à la confiture, faite maison	296	6.5	54	5.7	produits sucrés
Crêpe ou galette au poisson et / ou fruits de mer, préemballée	190	7	15	11	entrées et plats composés
Crêpe ou galette aux noix de Saint-Jacques, préemballée	144	6.1	15.5	6.2	entrées et plats composés
Crêpe ou galette béchamel et champignon, préemballée, cuite	172	5.5	18.5	7.7	entrées et plats composés
Crêpe ou galette béchamel et champignon, préemballée, surgelée	144	4.5	20	5	entrées et plats composés
Crêpe ou galette béchamel et fromage, préemballée	150	6.5	17	6	entrées et plats composés
Crêpe ou galette béchamel et jambon, préemballée	199	7.5	24.3	8	entrées et plats composés
Crêpe ou galette béchamel, jambon et fromage et champignon, préemballée	144	6.6	14.7	6.3	entrées et plats composés
Crêpe ou galette béchamel, jambon et fromage, préemballée	179	9.8	16.3	7.9	entrées et plats composés
Crêpe ou galette chèvre, lardon, préemballée	196	8.1	16.3	10.6	entrées et plats composés
Crêpe ou galette complète (oeuf, jambon, fromage), préemballée	219	15.3	15.2	9.8	entrées et plats composés
Crêpe, nature, préemballée, rayon frais	257	6.3	41.6	6.8	produits sucrés
Crêpe, nature, préemballée, rayon température ambiante	389	7.7	59.9	12.8	produits sucrés
Cumin, graine	427	17.8	33.7	22.3	aides culinaires et ingrédients divers
Curcuma, poudre	291	9.7	44.4	3.2	aides culinaires et ingrédients divers
Curry, poudre	301	14.5	2.6	14	aides culinaires et ingrédients divers
Céleri branche, appertisé, égoutté	13.1	0.6	1.4	0.1	fruits, légumes, légumineuses et oléagineux
Céleri branche, cru	15.4	0.6	2.4	0	fruits, légumes, légumineuses et oléagineux
Céleri branche, cuit (aliment moyen)	13.1	0.6	1.4	0.1	fruits, légumes, légumineuses et oléagineux
Céleri branche, cuit à l'étouffée	14.7	0.8	2.5	0	fruits, légumes, légumineuses et oléagineux
Céleri rave, bouilli/cuit à l'eau	26.2	0.9	4.3	0.3	fruits, légumes, légumineuses et oléagineux
Céleri-rave, cru	26.3	1.4	4	0	fruits, légumes, légumineuses et oléagineux
Céleri-rave, cuit	36.5	1.3	4.6	0.9	fruits, légumes, légumineuses et oléagineux
Céleri-rave, purée	26.2	1.4	2.8	0.2	fruits, légumes, légumineuses et oléagineux
Céréales instantanées, poudre à reconstituer, dès 4/6 mois	393	5.1	88.3	1.7	aliments infantiles
Céréales instantanées, poudre à reconstituer, dès 6 mois	391	10	81.1	2	aliments infantiles
Céréales pour petit déjeuner (aliment moyen)	402	8	73.2	7.2	produits sucrés
Céréales pour petit déjeuner au chocolat et caramel, extrudées, enrichies en vitamines et minéraux	410	8.1	74.7	7.2	produits sucrés
Céréales pour petit déjeuner au chocolat et caramel, extrudées, non enrichies en vitamines et minéraux	394	9.1	76.2	4.4	produits sucrés
Céréales pour petit déjeuner au miel ou caramel, soufflées ou extrudées, enrichies en vitamines et minéraux	388	7.4	75.4	4.6	produits sucrés
Céréales pour petit déjeuner au miel ou caramel, soufflées ou extrudées, non enrichies en vitamines et minéraux	382	6.7	80.1	2.8	produits sucrés
Céréales pour petit déjeuner chocolatées, non fourrées, enrichies en vitamines et minéraux	393	8.2	74.7	5.1	produits sucrés
Céréales pour petit déjeuner chocolatées, non fourrées, non enrichies en vitamines et minéraux	387	8.6	77.7	3.2	produits sucrés
Céréales pour petit déjeuner fourrées au chocolat ou chocolat-noisettes, enrichies en vitamines et minéraux	440	7.1	67	15	produits sucrés
Céréales pour petit déjeuner fourrées au chocolat ou chocolat-noisettes, non enrichies en vitamines et minéraux	457	7	67.2	17.2	produits sucrés
Céréales pour petit déjeuner fourrées au lait ou à la vanille, enrichies en vitamines et minéraux	429	10.4	63.9	13.4	produits sucrés
Céréales pour petit déjeuner fourrées au lait ou à la vanille, non enrichies en vitamines et minéraux	440	7.9	67.5	14.5	produits sucrés
Céréales pour petit déjeuner riches en fibres, au chocolat, enrichies en vitamines et minéraux	389	9.2	71.9	4.7	produits sucrés
Céréales pour petit déjeuner riches en fibres, aux fruits ou fruits à coque, enrichies en vitamines et minéraux	395	8.6	64.5	9	produits sucrés
Céréales pour petit déjeuner riches en fibres, aux fruits ou fruits à coque, non enrichies en vitamines et minéraux	374	8.5	71.1	3.9	produits sucrés
Céréales pour petit déjeuner riches en fibres, nature, enrichies en vitamines et minéraux	361	11.9	67.7	2.1	produits sucrés
Céréales pour petit déjeuner riches en fibres, nature, non enrichies en vitamines et minéraux	368	8.5	74.8	1.9	produits sucrés
Céréales pour petit déjeuner très riches en fibres, nature, enrichies en vitamines et minéraux	327	13.4	43.3	3.8	produits sucrés
Céréales pour petit déjeuner, enrichies en vitamines et minéraux (aliment moyen)	408	7.7	72.8	8.2	produits sucrés
Céréales pour petit déjeuner, non enrichies en vitamines et minéraux (aliment moyen)	386	8.4	77.1	3.4	produits sucrés
Cône ou cornet classique, pour glace	401	7.5	80.4	5	produits sucrés
Datte, chair et peau, sans noyau, sèche	287	1.8	64.7	0.2	fruits, légumes, légumineuses et oléagineux
Denté ou denté commun, cru	102	17	0.7	3.5	viandes, oeufs, poissons
Dessert (aliment moyen)	255	4.4	32.9	11.3	
Dessert au soja, aromatisé, sucré, enrichi en calcium et vitamine D, rayon frais	95.6	3	15.3	2	produits laitiers
Dessert au soja, aromatisé, sucré, enrichi en calcium, rayon frais	95	3.2	15.3	1.9	produits laitiers
Dessert au soja, aromatisé, sucré, non enrichi, rayon frais	93.1	2.7	16	1.7	produits laitiers
Dessert au soja, aux amandes, sucré, enrichi en vitamines et minéraux, fermenté, rayon frais	56	3.6	2.9	2.8	produits laitiers
Dessert au soja, aux fruits, sucré, enrichi en calcium et vitamine D, fermenté, rayon frais	85.1	2.8	13.8	1.7	produits laitiers
Dessert au soja, aux fruits, sucré, enrichi en calcium, fermenté, rayon frais	86.2	2.7	12.9	2.3	produits laitiers
Dessert au soja, aux fruits, sucré, non enrichi, fermenté, rayon frais	78	3.3	11	1.7	produits laitiers
Dessert au soja, nature, sans sucres ajoutés, enrichi en calcium, fermenté, rayon frais	42	3.6	1.1	2.1	produits laitiers
Dessert au soja, nature, sans sucres ajoutés, non enrichi, fermenté, rayon frais	44.7	3.8	2	1.9	produits laitiers
Dessert au soja, rayon frais (aliment moyen)	67.2	3.4	8.2	1.8	produits laitiers
Dessert de fruits, tout type de fruits (en taux de sucres : compotes allégées en sucres < desserts de fruits < compotes), préemballé, rayon ambiant	89.3	0.3	20.6	0.2	fruits, légumes, légumineuses et oléagineux
Dessert de fruits, tout type de fruits (en taux de sucres : compotes allégées en sucres < desserts de fruits < compotes), préemballé, rayon frais	77.3	0.3	17.7	0.2	fruits, légumes, légumineuses et oléagineux
Dessert de fruits, tout type de fruits (en taux de sucres : compotes allégées en sucres < desserts de fruits < compotes), préemballé, sans précision sur le rayon (aliment moyen)	84.4	0.3	19.4	0.2	fruits, légumes, légumineuses et oléagineux
Dessert glacé feuilleté, à partager	242	2.4	27.3	13.6	glaces et sorbets
Dessert glacé type mystère ou vacherin	226	2.9	32.9	9	glaces et sorbets
Dessert glacé type sundae	211	2.4	30.8	8.7	glaces et sorbets
Dessert infantile lacté au riz ou à la semoule	90.8	3.5	11.7	3.3	aliments infantiles
Dessert infantile lacté type crème dessert	87	3.3	11.3	3.1	aliments infantiles
Dessert infantile lacté, sucré, nature ou aux fruits	97	3.2	12.5	3.5	aliments infantiles
Dessert végétal sans soja (amande, avoine, chanvre, coco, riz), aromatisé, sucré, non enrichi, rayon frais	148	1.7	15.8	8	produits laitiers
Dessert végétal sans soja (amande, avoine, chanvre, coco, riz), nature, sans sucres ajoutés, non enrichi, rayon frais	150	1.2	6.7	13	produits laitiers
Dessert végétal sans soja (coco, riz), aux fruits, sucré, enrichi en calcium, fermenté, rayon frais	75.1	0.2	16	1	produits laitiers
Dessert végétal sans soja, rayon frais (aliment moyen)	148	1.7	15.8	8	produits laitiers
Diabolo (limonade et sirop), sucré	33.9	0.1	8.4	0	eaux et autres boissons
Dinde, aile crue	192	20.2	0	12.3	viandes, oeufs, poissons
Dinde, cuisse, viande crue	108	21.3	0	2.5	viandes, oeufs, poissons
Dinde, cuisse, viande et peau crues	149	19.7	0	7.8	viandes, oeufs, poissons
Dinde, escalope crue	108	23.7	0	1.5	viandes, oeufs, poissons
Dinde, escalope grillée/poêlée	124	28.5	0	1.1	viandes, oeufs, poissons
Dinde, escalope rôtie/cuite au four	139	30.1	0	2.1	viandes, oeufs, poissons
Dinde, viande crue	108	22.6	0	1.9	viandes, oeufs, poissons
Dinde, viande et peau crues	137	21.6	0	5.6	viandes, oeufs, poissons
Dinde, viande rôtie/cuite au four	151	29.1	0	3.8	viandes, oeufs, poissons
Diot cru	342	18		30	viandes, oeufs, poissons
Dorade grise ou daurade grise ou griset, rôtie/cuite au four	127	22.9	1.4	3.3	viandes, oeufs, poissons
Dorade grise ou daurade grise, ou griset, crue	129	20.5	0	5.3	viandes, oeufs, poissons
Dorade rose ou daurade rose ou pageot rose, crue	102	21	0	2	viandes, oeufs, poissons
Dorade royale ou daurade ou vraie daurade, rôtie/cuite au four	148	23.6	0	5.9	viandes, oeufs, poissons
Dorade royale ou daurade ou vraie daurade, sauvage, crue	95.6	18.1	0.6	2.3	viandes, oeufs, poissons
Dorade royale ou daurade ou vraie daurade, élevage, crue	129	20.9	0	5.1	viandes, oeufs, poissons
Double cheeseburger, de restauration rapide	290	15.5	19.4	16.7	entrées et plats composés
Dragée amande	465	5.2	75.7	14.7	produits sucrés
Dulse (Palmaria palmata), séchée ou déshydratée	221	16.9	20.8	1.4	aides culinaires et ingrédients divers
Dés, allumettes, râpé ou haché de jambon	120	17.9	2.1	4.5	viandes, oeufs, poissons
Dés, allumettes, râpé ou haché de jambon de volaille	132	18	1.6	5.9	viandes, oeufs, poissons
Eau de coco	11.8	0.2	3.3	0	eaux et autres boissons
Eau de source gazeuse ou plate	0	0	0	0	eaux et autres boissons
Eau de vie de fruits	233	0	0.6	0	eaux et autres boissons
Eau de vie de vin type armagnac ou cognac	222	0	0.8	0	eaux et autres boissons
Eau du robinet	0	0	0	0	eaux et autres boissons
Eau minérale (aliment moyen)	0	0	0	0	eaux et autres boissons
Eau minérale Abatilles, embouteillée, plate, faiblement minéralisée (Arcachon, 33)	0	0	0	0	eaux et autres boissons
Eau minérale Aix-les-Bains, embouteillée, plate, faiblement minéralisée (Aix-les-Bains, 73)	0	0	0	0	eaux et autres boissons
Eau minérale Aizac, embouteillée, gazeuse, faiblement minéralisée (Aizac, 07)	0	0	0	0	eaux et autres boissons
Eau minérale Amanda, embouteillée, plate, riche en sels minéraux (St-Amand, 59)	0	0	0	0	eaux et autres boissons
Eau minérale Appollinaris, embouteillée, plate, riche en sels minéraux (Allemagne)	0	0	0	0	eaux et autres boissons
Eau minérale Arcens, embouteillée, gazeuse, moyennement minéralisée (Arcens, 07)	0	0	0	0	eaux et autres boissons
Eau minérale Ardesy, embouteillée, gazeuse, riche en sels minéraux (Ardes, 63)	0	0	0	0	eaux et autres boissons
Eau minérale Avra, embouteillée, plate, faiblement minéralisée (Grèce)	0	0	0	0	eaux et autres boissons
Eau minérale Badoit, embouteillée, gazeuse, moyennement minéralisée (St-Galmier, 42)	0	0	0	0	eaux et autres boissons
Eau minérale Beckerich, embouteillée, plate, faiblement minéralisée (Luxembourg)	0	0	0	0	eaux et autres boissons
Eau minérale Biovive, embouteillée, plate, faiblement minéralisée (Dax, 40)	0	0	0	0	eaux et autres boissons
Eau minérale Celtic, embouteillée, gazeuse ou plate, très faiblement minéralisée (Niederbronn, 67)	0	0	0	0	eaux et autres boissons
Eau minérale Chambon, embouteillée, plate, faiblement minéralisée (Chambon, 45)	0	0	0	0	eaux et autres boissons
Eau minérale Chantemerle, embouteillée, plate, faiblement minéralisée (Le Pestrin, 07)	0	0	0	0	eaux et autres boissons
Eau minérale Chateauneuf, embouteillée, gazeuse, riche en sels minéraux (Chateauneuf, 63)	0	0	0	0	eaux et autres boissons
Eau minérale Chateldon, embouteillée, gazeuse, riche en sels minéraux (Chateldon, 63)	0	0	0	0	eaux et autres boissons
Eau minérale Chaudfontaine, embouteillée, plate, faiblement minéralisée (Belgique)	0	0	0	0	eaux et autres boissons
Eau minérale Christinen Brunnen, embouteillée, plate, moyennement minéralisée (Allemagne)	0	0	0	0	eaux et autres boissons
Eau minérale Cilaos, embouteillée, gazeuse, riche en sels minéraux (Cilaos, 974)	0	0	0	0	eaux et autres boissons
Eau minérale Clos de l'Abbaye, embouteillée, plate, moyennement minéralisée (St-Amand, 59)	0.1	0	0	0	eaux et autres boissons
Eau minérale Contrex, embouteillée, plate, riche en sels minéraux (Contrexéville, 88)	0	0	0	0	eaux et autres boissons
Eau minérale Courmayeur, embouteillée, plate, riche en sels minéraux (Italie)	0	0	0	0	eaux et autres boissons
Eau minérale Dax, embouteillée, plate, moyennement minéralisée (Dax, 40)	0.3	0	0.1	0	eaux et autres boissons
Eau minérale Didier, embouteillée, gazeuse, riche en sels minéraux (Martinique)	0	0	0	0	eaux et autres boissons
Eau minérale Didier, embouteillée, plate, riche en sels minéraux (Martinique)	0	0	0	0	eaux et autres boissons
Eau minérale Eden (La Goa), embouteillée, plate, faiblement minéralisée (Suisse)	0	0	0	0	eaux et autres boissons
Eau minérale Evian, embouteillée, plate, faiblement minéralisée (Evian, 74)	0	0	0	0	eaux et autres boissons
Eau minérale Hydroxydase, embouteillée, gazeuse, riche en sels minéraux (Le Breuil sur Couze, 63)	1	0	0	0	eaux et autres boissons
Eau minérale Hépar, embouteillée, plate, riche en sels minéraux (Vittel, 88)	0	0	0	0	eaux et autres boissons
Eau minérale La Cairolle, embouteillée, plate, riche en sels minéraux (Les Aires, 34)	0.4	0	0.1	0	eaux et autres boissons
Eau minérale La Française, embouteillée, plate, riche en sels minéraux (Propiac, 26)	0.5	0	0	0	eaux et autres boissons
Eau minérale Levissima, embouteillée, plate, faiblement minéralisée (Italie)	0	0	0	0	eaux et autres boissons
Eau minérale Luchon, embouteillée, plate, faiblement minéralisée (Luchon, 31)	0	0	0	0	eaux et autres boissons
Eau minérale Luso, embouteillée, plate, très faiblement minéralisée (Portugal)	0	0	0	0	eaux et autres boissons
Eau minérale Mont-Blanc, embouteillée, plate, faiblement minéralisée (Italie)	0	0	0	0	eaux et autres boissons
Eau minérale Mont-Roucous, embouteillée, plate, très faiblement minéralisée (Lacaune, 81)	0	0	0	0	eaux et autres boissons
Eau minérale Montcalm, embouteillée, plate, très faiblement minéralisée (Auzat, 09)	0	0	0	0	eaux et autres boissons
Eau minérale Montclar, embouteillée, plate, faiblement minéralisée (Montclar, 04)	0	0	0	0	eaux et autres boissons
Eau minérale Nessel, embouteillée, gazeuse, moyennement minéralisée (Soultzmatt, 68)	0.3	0	0.1	0	eaux et autres boissons
Eau minérale Néro, embouteillée, plate, faiblement minéralisée (Grèce)	0	0	0	0	eaux et autres boissons
Eau minérale Ogeu, embouteillée, gazeuse, faiblement minéralisée (Ogeu-les-Bains, 64)	0.1	0	0	0	eaux et autres boissons
Eau minérale Ogeu, embouteillée, plate, faiblement minéralisée (Ogeu-les-Bains, 64)	0.1	0	0	0	eaux et autres boissons
Eau minérale Orezza, embouteillée, gazeuse, moyennement minéralisée (Rapaggio, 20B)	0	0	0	0	eaux et autres boissons
Eau minérale Orée du bois, embouteillée, plate, moyennement minéralisée (St-Amand, 59)	0	0	0	0	eaux et autres boissons
Eau minérale Parot, embouteillée, gazeuse, moyennement minéralisée (St-Romain-le-Puy, 42)	0	0	0	0	eaux et autres boissons
Eau minérale Penacova, embouteillée, plate, très faiblement minéralisée (Portugal)	0	0	0	0	eaux et autres boissons
Eau minérale Perrier, embouteillée, gazeuse, faiblement minéralisée (Vergèse, 30)	0	0	0	0	eaux et autres boissons
Eau minérale Plancoet, embouteillée, gazeuse ou plate, faiblement minéralisée (Plancoet, 22)	0	0	0	0	eaux et autres boissons
Eau minérale Prince Noir, embouteillée, plate, riche en sels minéraux (St-Antonin-Noble-Val, 82)	0	0	0	0	eaux et autres boissons
Eau minérale Propiac, embouteillée, plate, riche en sels minéraux (Propiac, 26)	0.9	0	0	0	eaux et autres boissons
Eau minérale Puits St-Georges, embouteillée, gazeuse, moyennement minéralisée (St-Romain-le-Puy, 42)	0	0	0	0	eaux et autres boissons
Eau minérale Quézac, embouteillée, gazeuse, moyennement minéralisée (Quézac, 48)	0	0	0	0	eaux et autres boissons
Eau minérale Reine des basaltes, embouteillée, gazeuse, moyennement minéralisée (Asperjoc, 07)	0	0	0	0	eaux et autres boissons
Eau minérale Rozana, embouteillée, gazeuse, riche en sels minéraux (Beauregard, 63)	0	0	0	0	eaux et autres boissons
Eau minérale Sail-les-Bains, embouteillée, plate, faiblement minéralisée (Sail-les-Bains, 42)	0	0	0	0	eaux et autres boissons
Eau minérale Salvetat, embouteillée, gazeuse, moyennement minéralisée (La Salvetat, 34)	0.1	0	0	0	eaux et autres boissons
Eau minérale San Bernardo, embouteillée, gazeuse ou plate, très faiblement minéralisée (Italie)	0	0	0	0	eaux et autres boissons
Eau minérale San Pellegrino, embouteillée, gazeuse, moyennement minéralisée (Italie)	0	0	0	0	eaux et autres boissons
Eau minérale Spa-Reine, embouteillée, gazeuse ou plate, moyennement minéralisée (Belgique)	0	0	0	0	eaux et autres boissons
Eau minérale St-Alban, embouteillée, gazeuse, moyennement minéralisée (St-Alban, 42)	0	0	0	0	eaux et autres boissons
Eau minérale St-Amand, embouteillée, gazeuse ou plate, moyennement minéralisée (St-Amand, 59)	0	0	0	0	eaux et autres boissons
Eau minérale St-Antonin, embouteillée, plate, riche en sels minéraux (St-Antonin-Noble-Val, 82)	0.1	0	0	0	eaux et autres boissons
Eau minérale St-Diéry, embouteillée, gazeuse, riche en sels minéraux (St-Diéry, 63)	0	0	0	0	eaux et autres boissons
Eau minérale St-Géron, embouteillée, gazeuse, moyennement minéralisée (St-Géron, 43)	0.3	0	0.1	0	eaux et autres boissons
Eau minérale St-Michel-de-Mourcairol, embouteillée, gazeuse, moyennement minéralisée (Les Aires, 34)	0.3	0	0.1	0	eaux et autres boissons
Eau minérale St-Yorre, embouteillée, gazeuse, riche en sels minéraux (Saint-Yorre, 03)	0	0	0	0	eaux et autres boissons
Eau minérale Ste-Marguerite, embouteillée, gazeuse, moyennement minéralisée (St-Maurice, 63)	0	0	0	0	eaux et autres boissons
Eau minérale Thonon, embouteillée, plate, faiblement minéralisée (Thonon, 74)	0	0	0	0	eaux et autres boissons
Eau minérale Treignac, embouteillée, plate, très faiblement minéralisée (Treignac, 19)	0	0	0	0	eaux et autres boissons
Eau minérale Vals, embouteillée, gazeuse, moyennement minéralisée (Vals-les-Bains, 07)	0.1	0	0	0	eaux et autres boissons
Eau minérale Vals-Vivaraise, embouteillée, gazeuse, moyennement minéralisée (Vals, 07)	0	0	0	0	eaux et autres boissons
Eau minérale Valvert, embouteillée, plate, faiblement minéralisée (Belgique)	0	0	0	0	eaux et autres boissons
Eau minérale Vauban, embouteillée, plate, moyennement minéralisée (St-Amand-les-Eaux, 59)	0.3	0	0.1	0	eaux et autres boissons
Eau minérale Velleminfroy, embouteillée, gazeuse ou plate, riche en sels minéraux (Chatenois, 70)	0	0	0	0	eaux et autres boissons
Eau minérale Ventadour, embouteillée, gazeuse, faiblement minéralisée (Le Pestrin, 07)	0.1	0	0	0	eaux et autres boissons
Eau minérale Vernet, embouteillée, gazeuse, faiblement minéralisée (Prades, 07)	0	0	0	0	eaux et autres boissons
Eau minérale Vernière, embouteillée, gazeuse, moyennement minéralisée (Les Aires, 34)	0	0	0	0	eaux et autres boissons
Eau minérale Vichy Célestins, embouteillée, gazeuse, riche en sels minéraux (Saint-Yorre, 03)	0.1	0	0	0	eaux et autres boissons
Eau minérale Vittel, embouteillée, plate, moyennement minéralisée (Vittel, 88)	0.1	0	0	0	eaux et autres boissons
Eau minérale Volvic active, embouteillée, gazeuse, faiblement minéralisée (Volvic, 63)	0	0	0	0	eaux et autres boissons
Eau minérale Volvic, embouteillée, plate, faiblement minéralisée (Volvic, 63)	0	0	0	0	eaux et autres boissons
Eau minérale Wattwiller, embouteillée, gazeuse ou plate, faiblement minéraliséee (Wattwiller, 68)	0	0	0	0	eaux et autres boissons
Eau minérale, embouteillée, faiblement minéralisée (aliment moyen)	0	0	0	0	eaux et autres boissons
Eau minérale, embouteilée, gazeuse (aliment moyen)	0	0	0	0	eaux et autres boissons
Eau minérale, embouteilée, plate (aliment moyen)	0	0	0	0	eaux et autres boissons
Ecorce d'orange confite	307	0.6	75.6	0.1	produits sucrés
Ecrevisses, décortiquées, cuites, réfrigérées, préemballées	82.7	18.6	0.1	0.9	viandes, oeufs, poissons
Edam	320	25.7	0	24.4	produits laitiers
Edulcorant à base de sucre et aspartame (petits morceaux)	398	0.8	98.7	0	produits sucrés
Emmental de Savoie ou emmenthal de Savoie	396	29.7	0	30.8	produits laitiers
Emmental ou emmenthal	373	27.9	0	28.8	produits laitiers
Emmental ou emmenthal, râpé	368	27.6	0.6	28.2	produits laitiers
Empereur, filet, sans peau, cru	73.5	15	0	1.5	viandes, oeufs, poissons
Endive au jambon, préemballée	109	7.4	4.7	6.3	entrées et plats composés
Endive, crue	16.6	1.2	2.8	0	fruits, légumes, légumineuses et oléagineux
Endive, rôtie/cuite au four	22	1.1	4.4	0	fruits, légumes, légumineuses et oléagineux
Entremets type Opéra	392	5.2	37.6	24	produits sucrés
Epice (aliment moyen)	327	12.6	37.8	7.8	aides culinaires et ingrédients divers
Epinard, haché ou purée ou en branches, surgelé, cru	28	3.3	1	0.5	fruits, légumes, légumineuses et oléagineux
Escalope panée, viennoise ou milanaise, dinde, cuite	211	14.1	13.5	10.9	entrées et plats composés
Escalope panée, viennoise ou milanaise, poulet, cuite	339	7.2	21.7	24	entrées et plats composés
Escalope panée, viennoise ou milanaise, veau, cuite	271	22.9	12.6	14.1	entrées et plats composés
Escargot en sauce au beurre persillé, préemballé, cuit	275	12.9	1.8	23.7	viandes, oeufs, poissons
Escargot, cru	77.9	16.1	1.3	0.9	viandes, oeufs, poissons
Escargot, cuit	84.7	16.6	1.4	1.4	viandes, oeufs, poissons
Espadon, cru	134	18.9	1	6	viandes, oeufs, poissons
Espadon, rôti/cuit au four	266	28.7	0	16.9	viandes, oeufs, poissons
Estragon, séché	342	22.8	42.8	7.2	aides culinaires et ingrédients divers
Esturgeon d’Europe occidentale, cru	127	17.7	0.9	5.8	viandes, oeufs, poissons
Extrait de levure, à tartiner	187	42.4	3.5	0.4	aides culinaires et ingrédients divers
Faisan, viande crue	126	23.2	0	3.7	viandes, oeufs, poissons
Faisan, viande et peau crues	164	23.2	0	8	viandes, oeufs, poissons
Faisan, viande rôtie/cuite au four	239	32.4	0	12.1	viandes, oeufs, poissons
Faisselle au coulis de fruits	93	3.6	8.5	5	produits laitiers
Faisselle, 0% MG	36.8	4.5	4.7	0.1	produits laitiers
Faisselle, 6% MG environ	83.6	4.5	3.4	5.5	produits laitiers
Fajita au poulet, préparé maison avec un kit	158	12.7	16	4.5	entrées et plats composés
Falafel ou boulette de pois-chiche et/ou fève, préemballé	211	7.4	17.7	10.8	entrées et plats composés
Falafel ou boulette de pois-chiche et/ou fève, vente à emporter	252	8.2	18.7	14.4	entrées et plats composés
Far breton aux pruneaux	229	5.1	32	8	produits sucrés
Farce porc et boeuf crue	309	11.8	4.4	26.5	viandes, oeufs, poissons
Farine d'orge	337	10.5	64.4	1.6	produits céréaliers
Farine d'épeautre (grand épeautre)	352	11.4	64	3	produits céréaliers
Farine de blé tendre ou froment avec levure incorporée	350	9.1	74	1	produits céréaliers
Farine de blé tendre ou froment T110	343	9.6	68.6	1.5	produits céréaliers
Farine de blé tendre ou froment T150	342	11.4	64.9	1.5	produits céréaliers
Farine de blé tendre ou froment T45 (pour pâtisserie)	355	8.4	76.5	0.8	produits céréaliers
Farine de blé tendre ou froment T55 (pour pains)	350	9	73.7	1	produits céréaliers
Farine de blé tendre ou froment T65	346	10	71.5	1	produits céréaliers
Farine de blé tendre ou froment T80	355	9.9	73.2	1.2	produits céréaliers
Farine de châtaigne	362	5.7	70.4	3.4	produits céréaliers
Farine de maïs	362	5.6	80.9	1.4	produits céréaliers
Farine de millet	350	10.2	63.2	4.1	produits céréaliers
Farine de pois chiche	359	22.4	47	6.7	produits céréaliers
Farine de pulpe de patate douce, prélevée à la Martinique	223		50.1		fruits, légumes, légumineuses et oléagineux
Farine de riz	357	7.6	73.9	2.5	produits céréaliers
Farine de sarrasin	348	11.5	68.4	2.2	produits céréaliers
Farine de seigle T130	344	7.2	70.9	1.1	produits céréaliers
Farine de seigle T170	315	15.9	44.8	2.2	produits céréaliers
Farine de seigle T85	345	9.8	68.7	1.3	produits céréaliers
Farine de soja complète	457	34.5	25.7	20.7	produits céréaliers
Fenouil, bouilli/cuit à l'eau	11.7	1.1	0.8	0	fruits, légumes, légumineuses et oléagineux
Fenouil, cru	18.2	1	2.6	0	fruits, légumes, légumineuses et oléagineux
Fenouil, cuit (aliment moyen)	11.8	0.4	1.8	0	fruits, légumes, légumineuses et oléagineux
Fenouil, cuit à l'étouffée	11.8	0.2	1.9	0	fruits, légumes, légumineuses et oléagineux
Fenouil, graine	327	15.8	12.5	14.9	aides culinaires et ingrédients divers
Fenugrec, graine	350	27.1	33.8	6.4	aides culinaires et ingrédients divers
Feta, au lait de brebis 70% minimum et lait de chèvre 30% maximum	284	15.1	0.5	24.3	produits laitiers
Feuille de brick ou khatfa, préemballée	283	7	59	1.5	produits céréaliers
Feuille de brick ou khatfa, préemballée, cuite à sec sans matière grasse	277	6.2	57.1	1.8	produits céréaliers
Feuille de vigne farcie au riz ou dolmas, égouttée, préemballée	150	2.5	18.6	6.5	entrées et plats composés
Feuilleté ou friand au fromage, préemballé, cuit	302	8.2	28.1	17.1	entrées et plats composés
Feuilleté ou friand au fromage, préemballé, à cuire	283	6.1	26.2	16.9	entrées et plats composés
Feuilleté ou friand au poisson et/ou fruits de mer, préemballé, à cuire	260	6.5	27.9	13	entrées et plats composés
Feuilleté ou friand aux escargots, préemballé	321	6.7	23.1	22.1	entrées et plats composés
Feuilleté ou friand jambon fromage, fait maison	338	8.8	29.4	20.3	entrées et plats composés
Feuilleté ou friand jambon fromage, préemballé	278	8.5	22.7	16.7	entrées et plats composés
Feuilleté ou friand salé (aliment moyen)	311	8.4	27.5	18.2	entrées et plats composés
Feuilleté ou friand à la viande, préemballé	354	9.6	27.3	22.6	entrées et plats composés
Ficelle picarde, préemballée	151	8.6	11.9	7.5	entrées et plats composés
Figue de Barbarie, chair et peau, avec pépins, crue	51.5	0.1	9.8	0.1	fruits, légumes, légumineuses et oléagineux
Figue, crue	67.6	1.2	13.5	0	fruits, légumes, légumineuses et oléagineux
Figue, sèche	261	2.9	55	1.2	fruits, légumes, légumineuses et oléagineux
Filet de bacon	118	23.1	0.7	2.6	viandes, oeufs, poissons
Fines tranches végétales, préemballées	242	29.7	4.1	11.1	viandes, oeufs, poissons
Flammenkueche ou tarte flambée aux lardons, préemballée	300	8.8	31.8	14.8	entrées et plats composés
Flan aux oeufs, rayon frais	113	4.2	17.7	2.7	produits laitiers
Flan de légumes aux oeufs	210	5.4	4.1	18.6	entrées et plats composés
Flan pâtissier aux oeufs ou à la parisienne	211	4	33.2	6.8	produits sucrés
Fleur de sel, non iodée, non fluorée	0	0	0	0	aides culinaires et ingrédients divers
Flocons d'avoine	369	10.6	57.7	7.8	produits sucrés
Flocons d'avoine bouillis/cuits à l'eau	69.1	2.5	10.3	1.5	produits céréaliers
Flocons de pomme de terre, au lait ou à la crème, déshydratés	376	10.1	71	4	fruits, légumes, légumineuses et oléagineux
Flocons de pomme de terre, nature, déshydratés	346	8	73.5	0.4	fruits, légumes, légumineuses et oléagineux
Florentin (biscuit sec au chocolat et aux amandes)	514	9.3	50.7	28.7	produits sucrés
Flétan de l'Atlantique ou flétan, cru	96.5	21.2	0	1.3	viandes, oeufs, poissons
Flétan du Groënland ou flétan noir ou flétan commun, cru	168	13.5	0	12.7	viandes, oeufs, poissons
Flétan du Groënland ou flétan noir ou flétan commun, cuit à la vapeur	179	17.3	1.3	11.6	viandes, oeufs, poissons
Focaccia, garnie	233	8	29.5	8.8	entrées et plats composés
Foie de morue, appertisé, égoutté	433	7.2	1	44.4	viandes, oeufs, poissons
Foie de morue, cru	623	5	1	66.6	viandes, oeufs, poissons
Foie gras, canard, bloc (aliment moyen)	488	6.9	2.2	50.1	viandes, oeufs, poissons
Foie gras, canard, bloc, 30% de morceaux	488	6.9	2.2	50.1	viandes, oeufs, poissons
Foie gras, canard, bloc, 50% de morceaux	488	6.4	4.3	49.5	viandes, oeufs, poissons
Foie gras, canard, bloc, sans morceaux	478	5.8	1.1	50	viandes, oeufs, poissons
Foie gras, canard, cru	600	5.9	1.4	63.4	viandes, oeufs, poissons
Foie gras, canard, entier, cuit	526	8.4	0	54.6	viandes, oeufs, poissons
Foie, agneau, cru	137	21.8	0.2	5.5	viandes, oeufs, poissons
Foie, agneau, cuit	162	23	4.4	5.8	viandes, oeufs, poissons
Foie, canard, cru	131	18.7	3.5	4.6	viandes, oeufs, poissons
Foie, dinde, cru	123	18.3	0	5.5	viandes, oeufs, poissons
Foie, dinde, cuit	182	27	0	8.2	viandes, oeufs, poissons
Foie, génisse, cru	136	21	3.3	4.3	viandes, oeufs, poissons
Foie, génisse, cuit	165	26.3	2.2	5.7	viandes, oeufs, poissons
Foie, lapin, cru	134	19	5.4	4	viandes, oeufs, poissons
Foie, oie, cru	129	16.4	6.3	4.3	viandes, oeufs, poissons
Foie, porc, cru	124	20.6	1.1	4.2	viandes, oeufs, poissons
Foie, porc, cuit	159	26	3.8	4.4	viandes, oeufs, poissons
Foie, poulet, cru	114	16.9	0.7	4.8	viandes, oeufs, poissons
Foie, poulet, cuit	160	24.5	0.9	6.5	viandes, oeufs, poissons
Foie, veau, cru	120	15.5	5.6	3.4	viandes, oeufs, poissons
Foie, veau, cuit	140	19	9.2	3	viandes, oeufs, poissons
Foie, volaille, cru	134	21.5	1.2	4.8	viandes, oeufs, poissons
Foie, volaille, cuit	164	25.8	0	6.4	viandes, oeufs, poissons
Fond de veau pour sauces et cuisson, déshydraté	343	8.5	59.5	7.4	aides culinaires et ingrédients divers
Fond de veau, préemballé	40.9	3.1	2.4	2	aides culinaires et ingrédients divers
Fond de volaille pour sauces et cuisson, déshydraté	336	10	63	4.5	aides culinaires et ingrédients divers
Fondant au chocolat noir et crème anglaise, rayon frais	211	4.5	19	13	produits laitiers
Fondue de poireau, préemballée	58.4	1.1		5.2	fruits, légumes, légumineuses et oléagineux
Fontina	384	25.6	0.8	31.1	produits laitiers
Forêt noire, pâtisserie type génoise au chocolat et crème multi-couches, avec ou sans cerises	317	3.7	39.1	14.8	produits sucrés
Fougasse, garnie	320	9.5	42.1	11.8	entrées et plats composés
Fourme d'Ambert	339	20.6	0	28.4	produits laitiers
Fourme de Montbrison	365	22.5	0	30.8	produits laitiers
Fraise, crue	35.1	0.6	6	0	fruits, légumes, légumineuses et oléagineux
Fraisier ou framboisier	221	2.6	25	12	produits sucrés
Framboise, crue	47.9	1.2	5.8	0.8	fruits, légumes, légumineuses et oléagineux
Frik (blé dur immature concassé), cru	323	9.6	55.8	2.2	produits céréaliers
Frik (blé dur immature concassé), cuit, sans sel ajouté	76	2	14	0.5	produits céréaliers
Frites de pommes de terre, surgelées, cuites en friteuse	258	3.3	32.7	11.9	fruits, légumes, légumineuses et oléagineux
Frites de pommes de terre, surgelées, préfrites, pour cuisson au four	142	2.4	21	4.7	fruits, légumes, légumineuses et oléagineux
Frites de pommes de terre, surgelées, préfrites, pour cuisson en friteuse	244	3.1	29.1	12.1	fruits, légumes, légumineuses et oléagineux
Frites de pommes de terre, surgelées, préfrites, pour cuisson micro-onde	223	3.3	27.2	10.2	fruits, légumes, légumineuses et oléagineux
Frites de pommes de terre, surgelées, rôties/cuites au four	213	3.8	32.6	6.6	fruits, légumes, légumineuses et oléagineux
Fromage (aliment moyen)	324	21.1	0.7	26.3	produits laitiers
Fromage blanc et crème fouettée, nature	133	6.7	3.8	9.9	produits laitiers
Fromage blanc et crème fouettée, sur lit de fruits, sucré	145	4.6	16	7	produits laitiers
Fromage blanc fondu en portion (carré ou bâtonnet), enrichi en vitamines	305	8.4	3.4	28.7	produits laitiers
Fromage blanc fondu en portion (carré), non enrichi en vitamines	305	8.8	3	28.6	produits laitiers
Fromage blanc ou spécialité laitière, aromatisé, 0% MG, avec édulcorants, sans sucres ajoutés	45.6	7.7	3.9	0	produits laitiers
Fromage blanc ou spécialité laitière, aromatisé, 0% MG, avec édulcorants, sucré	47.3	5.7	6	0.1	produits laitiers
Fromage blanc ou spécialité laitière, aromatisé, 0% MG, avec édulcorants, sucré, enrichi en vitamine D	53.7	6.6	6.7	0.1	produits laitiers
Fromage blanc ou spécialité laitière, aromatisé, 0% MG, sucré	76.9	7	12.3	0.1	produits laitiers
Fromage blanc ou spécialité laitière, aromatisé, 2-3% MG, sucré	98.7	6.2	12.8	2.6	produits laitiers
Fromage blanc ou spécialité laitière, aromatisé, 7-8% MG, sucré	131	5.3	12.8	6.6	produits laitiers
Fromage blanc ou spécialité laitière, aux copeaux de chocolat, 7-8% MG, sucré	152	6.1	16.3	6.9	produits laitiers
Fromage blanc ou spécialité laitière, aux fruits, 0% MG, avec édulcorants, sucré, enrichi en vitamine D	53.7	6.5	6.5	0.1	produits laitiers
Fromage blanc ou spécialité laitière, aux fruits, 0% MG, sucré	80.3	7.4	12.8	0	produits laitiers
Fromage blanc ou spécialité laitière, aux fruits, 2-3% MG, sucré	98.3	6.2	12	2.9	produits laitiers
Fromage blanc ou spécialité laitière, aux fruits, 6-7% MG, sucré	139	5.6	14.4	6.5	produits laitiers
Fromage blanc ou spécialité laitière, sur lit de fruits, 0% MG, avec édulcorants, sans sucres ajoutés, enrichi en vitamine D	53	6.9	5.6	0.2	produits laitiers
Fromage blanc ou spécialité laitière, sur lit de fruits, 0% MG, avec édulcorants, sucré, enrichi en vitamine D	52.8	6.4	6	0.4	produits laitiers
Fromage blanc ou spécialité laitière, sur lit de fruits, 0% MG, sucré	78.6	8.1	11.5	0.1	produits laitiers
Fromage blanc ou spécialité laitière, sur lit de fruits, 7-8% MG, sucré	129	4.1	12.8	6.9	produits laitiers
Fromage blanc, nature ou aux fruits (aliment moyen)	80	7	6.3	2.8	produits laitiers
Fromage blanc, nature, 0% MG	48.4	7.3	4.2	0	produits laitiers
Fromage blanc, nature, 0% MG, enrichi en vitamine D	49.6	7.6	4.8	0.1	produits laitiers
Fromage blanc, nature, 2-3% MG	75.7	7.3	3.9	3.2	produits laitiers
Fromage blanc, nature, 2-3% MG, enrichi en vitamine D	75.5	6.3	4.9	3.1	produits laitiers
Fromage blanc, nature, 2-3% MG, sucré	101	7.7	10.9	3.1	produits laitiers
Fromage blanc, nature, 7-8% MG	116	5.5	5.9	7.6	produits laitiers
Fromage blanc, nature, au lait de brebis, 5% MG environ	92.5	6.3	4.3	5.6	produits laitiers
Fromage blanc, nature, au lait de chèvre, 7% MG environ	98.3	6.5	3	6.7	produits laitiers
Fromage bleu au lait de vache, allegé en matière grasse	223	21.4	1	15	produits laitiers
Fromage bleu au lait de vache, non allégé en matière grasse	361	16.8	0.7	32.5	produits laitiers
Fromage bleu d'Auvergne	342	20.6	0	29	produits laitiers
Fromage bleu des Causses	350	20.4	0	30	produits laitiers
Fromage de brebis corse à pâte molle	426	20.4	0	38.4	produits laitiers
Fromage de brebis à pâte molle et croûte fleurie	297	18	0	25.2	produits laitiers
Fromage de brebis à pâte pressée non cuite des Pyrénées, type tomme ou tome	393	22.3	0.7	33.6	produits laitiers
Fromage de chèvre bûche	285	18.8	0	23.3	produits laitiers
Fromage de chèvre bûche, allégé en matière grasse	183	22.6	1	10	produits laitiers
Fromage de chèvre demi-sec	353	21.6	0	29.8	produits laitiers
Fromage de chèvre frais, type palet, crottin ou bûchette	194	12	2.5	15.2	produits laitiers
Fromage de chèvre lactique affiné, type palet, crottin ou bûchette	308	20.7	1.2	24.7	produits laitiers
Fromage de chèvre sec	440	30.5	0	35.6	produits laitiers
Fromage de chèvre à pâte molle et croûte fleurie (type camembert, cabécou)	288	19	0	23.8	produits laitiers
Fromage de chèvre à pâte molle non pressée non cuite et croûte naturelle	286	19.5	0.7	23	produits laitiers
Fromage de chèvre à pâte pressée non cuite, type tomme ou tome ou gouda de chèvre	344	22.1	0.9	28.2	produits laitiers
Fromage de chèvre à tartiner, nature	161	10.8	2.4	12.2	produits laitiers
Fromage de lactosérum de brebis	190	10.1	4.3	14.8	produits laitiers
Fromage de tête	184	13.8	3.1	12.9	viandes, oeufs, poissons
Fromage fondu en portion (triangle), enrichi en vitamines	259	8	8.5	21.4	produits laitiers
Fromage fondu en portion (triangle), non enrichi	238	11.2	8.5	17.6	produits laitiers
Fromage fondu en tranchettes	246	14.1	5.3	18.5	produits laitiers
Fromage fondu, allégé en matière grasse	134	11.5	4.6	7.4	produits laitiers
Fromage frais ou spécialité fromagère non affinée, ail et fines herbes, à tartiner, non allégée en matière grasse	320	8	2.7	30.8	produits laitiers
Fromage frais ou spécialité fromagère non affinée, nature, à tartiner, en barquette, allégée en matière grasse	133	10.8	5.1	7.5	produits laitiers
Fromage frais ou spécialité fromagère non affinée, nature, à tartiner, en barquette, non allégée en matière grasse	225	6.2	3.3	20.7	produits laitiers
Fromage frais type petit suisse, aromatisé chocolat, sucré	165	4.2	22.5	6.5	produits laitiers
Fromage frais type petit suisse, aromatisé, 2-3% MG, sucré	92.7	6	12.3	2.2	produits laitiers
Fromage frais type petit suisse, aromatisé, 2-3% MG, sucré, enrichi en vitamine D	90.2	4.9	12.2	2.5	produits laitiers
Fromage frais type petit suisse, aux fruits, 2-3% MG, sucré	101	6.4	12.9	2.6	produits laitiers
Fromage frais type petit suisse, aux fruits, 2-3% MG, sucré, enrichi en vitamine D	57.6	3.4	4.7	2.4	produits laitiers
Fromage frais type petit suisse, nature, 0% MG	56.5	9.9	4.2	0.1	produits laitiers
Fromage frais type petit suisse, nature, 10% MG environ	137	9.2	2.6	9.9	produits laitiers
Fromage frais type petit suisse, nature, 4% MG environ	88	9.7	3.1	3.9	produits laitiers
Fromage pané au jambon, préemballé	262	17.4	15.3	14.6	entrées et plats composés
Fromage pour tartiflette (pâte molle et croûte mixte)	320	20.2	0.7	26.4	produits laitiers
Fromage type feta, au lait de vache 100%	273	15.4	1.2	22.6	produits laitiers
Fromage type feta, au lait de vache 100%, à l'huile et aux aromates	283	17.6	0.2	23.4	produits laitiers
Fromage à effilocher ou à dérouler	307	23.8	2.7	22.4	produits laitiers
Fromage à pâte molle et croûte fleurie, allégé en matière grasse (type camembert)	178	22.6	1.1	9.3	produits laitiers
Fromage à pâte molle et croûte fleurie, double crème environ 30% MG	346	16.6	0.6	30.9	produits laitiers
Fromage à pâte molle et croûte fleurie, non allégé en matière grasse (type camembert)	271	19.7	0	21.5	produits laitiers
Fromage à pâte molle et croûte lavée (aliment moyen)	313	20	0.4	25.9	produits laitiers
Fromage à pâte molle et croûte lavée, allégé en matière grasse	200	21.6	1	12.4	produits laitiers
Fromage à pâte molle et croûte lavée, non allégé en matière grasse	311	20.3	0	25.7	produits laitiers
Fromage à pâte molle et croûte mixte (lavée et fleurie) colorée	336	18.2	1	29	produits laitiers
Fromage à pâte molle type carré ou brique, à croûte fleurie, non allégé en matière grasse	330	17.8	0	28.8	produits laitiers
Fromage à pâte molle, triple crème, environ 38% MG	380	10.5	1.1	37.2	produits laitiers
Fromage à pâte pressée cuite (aliment moyen)	396	27.8	0.3	31.6	produits laitiers
Fromage à pâte pressée cuite type emmental ou emmenthal, allégé en matière grasse	258	29.2	1.2	15.2	produits laitiers
Fromage à pâte pressée demi-cuite	359	25.6	0	28.8	produits laitiers
Fromage à pâte pressée non cuite type maasdam, allégé en matière grasse	238	28.2	0.8	13.8	produits laitiers
Fromage à pâte pressée non cuite type maasdam, non allégé en matière grasse	359	25.5	0	28.4	produits laitiers
Fromage à pâte pressée non cuite, enrobé de cire, allégé en matière grasse	208	25.5	0	12	produits laitiers
Fromage à pâte pressée non cuite, enrobé de cire, non allégé en matière grasse	303	21.5	0	23.8	produits laitiers
Fructose	399	0	99.8	0	produits sucrés
Fruit confit	297	0.2	72.4	0.1	produits sucrés
Fruit cru (aliment moyen)	56.6	0.7	12.1	0.3	fruits, légumes, légumineuses et oléagineux
Fruit de la passion ou maracudja, chair sans peau, avec pépins, cru	102	2.1	10.9	3	fruits, légumes, légumineuses et oléagineux
Fruit séché (aliment moyen)	267	2.1	61.3	0.6	fruits, légumes, légumineuses et oléagineux
Fruits de mer (aliment moyen)	103	19.5	2.5	1.7	viandes, oeufs, poissons
Fruits de mer, mélange ou cocktail, surgelés, cuits	79.5	13.5	2.8	1.6	viandes, oeufs, poissons
Fruits à coques et cacahuète, salé (aliment moyen)	630	20.4	17.6	50.1	fruits, légumes, légumineuses et oléagineux
Fruits à coques et cacahuète, sans sel ajouté (aliment moyen)	632	15.5	10.5	55	fruits, légumes, légumineuses et oléagineux
Fucus vésiculeux (Fucus serratus ou Fucus vesiculosus), séché ou déshydraté	194	9.1	12.4	1.7	aides culinaires et ingrédients divers
Fumet de poisson, prêt à consommer, préemballé	53.6	5.1	3.8	2	aides culinaires et ingrédients divers
Fève à écosser, fraîche, crue	61.5	6.8	4.2	0.7	fruits, légumes, légumineuses et oléagineux
Fève, bouillie/cuite à l'eau	83.3	8.1	9.3	0.8	fruits, légumes, légumineuses et oléagineux
Fève, fraîche, surgelée, bouillie/cuite à l'eau	63.6	5.6	7.4	0	fruits, légumes, légumineuses et oléagineux
Fève, pelée, fraîche, surgelée, bouillie/cuite à l'eau	71.9	6.4	9	0.5	fruits, légumes, légumineuses et oléagineux
Fève, pelée, fraîche, surgelée, crue	99.3	9.6	12.2	0.3	fruits, légumes, légumineuses et oléagineux
Fève, sèche	301	26.1	33.3	1.5	fruits, légumes, légumineuses et oléagineux
Fécule de pomme de terre	348	0	86.3	0.2	produits céréaliers
Galantine	109	22	1.3	1.7	viandes, oeufs, poissons
Galette de céréale(s) soufflée(s), aux graines	382	8.5	77.7	3.9	produits céréaliers
Galette de céréales au fromage (sans soja), préemballée	241	7	27.8	10.3	entrées et plats composés
Galette de céréales aux légumes (sans soja), préemballée	211	5.3	28	7.6	entrées et plats composés
Galette de céréales soufflées	388	10.1	77.9	2.9	produits céréaliers
Galette de maïs soufflé	387	7	83.5	1.9	produits céréaliers
Galette de maïs soufflé, nappée de chocolat	481	7.3	63.2	20.8	produits sucrés
Galette de riz complet soufflé	381	8.4	77.9	3	produits céréaliers
Galette de riz soufflé, nappée de chocolat	494	7.3	60.7	23.2	produits sucrés
Galette de sarrasin, nature, souple (à garnir) préemballée	161	5.3	30.5	1.7	produits sucrés
Galette des rois feuilletée, fourrée frangipane, et Pithiviers	438	7.6	33.4	30	produits sucrés
Galette des rois feuilletée, fourrée à la pomme	289	3.4	29.1	17.2	produits sucrés
Galette ou pavé au blé (seitan) et légumes, préemballé	208	12.5	20.8	7.1	entrées et plats composés
Galette ou pavé au blé et soja (convient aux véganes ou végétaliens), préemballé	215	16	8.2	11	entrées et plats composés
Galette ou pavé au blé et soja (ne convient pas aux véganes ou végétaliens), préemballé	201	10.2	13.3	10.2	entrées et plats composés
Galette ou pavé au soja	252	15.5	8.5	14.7	entrées et plats composés
Galette ou pavé au soja et fromage, préemballé	204	16.8	6.1	12	entrées et plats composés
Galette ou pavé au soja et légumes, préemballé	175	13.1	8.4	8.1	entrées et plats composés
Galette ou pavé au soja, fromage et légumes, préemballé	180	15.1	7.7	9.1	entrées et plats composés
Galette ou pavé aux lentilles, soja et légumes, préemballé	170	9.7	16.7	5.6	entrées et plats composés
Gari, semoule de manioc fermentée et séchée	340	1.1	81.6	0.7	produits céréaliers
Gaufre bruxelloise ou liégeoise nature, artisanale	301	8	36.1	13.4	produits sucrés
Gaufre croustillante (fine ou sèche), nature ou sucrée, préemballée	477	6.2	67.6	19.7	produits sucrés
Gaufre fine fourrée au miel, au caramel ou à la vergeoise, préemballée	455	4.6	67	18.3	produits sucrés
Gaufre moelleuse (type bruxelloise ou liégeoise), au chocolat, préemballée	460	5.6	54.4	23.9	produits sucrés
Gaufre moelleuse (type bruxelloise ou liégeoise), nature ou sucrée, préemballée	455	6.2	52.1	24.1	produits sucrés
Gaufrette (éventail, cigarette…), sans fourrage	437	6.5	80	9.7	produits sucrés
Gaufrette fourrée et/ou enrobée de chocolat	534	6.6	56.6	30.5	produits sucrés
Gaufrette fourrée, aux fruits	355	4.1	81	0.8	produits sucrés
Gaufrette fourrée, aux fruits à coque (noisette, amande, praliné, etc.), avec ou sans chocolat	562	9	49	36.1	produits sucrés
Gaufrette, fourrée vanille	538	5.8	60.1	30.1	produits sucrés
Gelée au madère	136	24.4	9.8	0	aides culinaires et ingrédients divers
Gelée au madère, déshydratée	262	47	18	0.2	aides culinaires et ingrédients divers
Gelée de framboise (extra ou classique)	249	0.6	61	0.1	produits sucrés
Gelée de groseille (extra ou classique)	244	0.2	59.7	0	produits sucrés
Gelée de mûre (extra ou classique)	245	0.5	60	0.3	produits sucrés
Gelée, autres fruits ou mélange de fruits (extra ou classique)	252	0.1	61.9	0.1	produits sucrés
Germe de blé	375	27.2	35.1	9.5	aides culinaires et ingrédients divers
Gibier à plumes, viande, cuit (aliment moyen)	203	24.9	0	11.5	viandes, oeufs, poissons
Gibier à poil, cuit (aliment moyen)	160	30.2	0	4.4	viandes, oeufs, poissons
Gin	265	0	0	0	eaux et autres boissons
Gingembre, poudre	335	9	58.3	4.2	aides culinaires et ingrédients divers
Gingembre, racine fraîche	33.3	1.1	3.4	1.1	aides culinaires et ingrédients divers
Glace au yaourt	126	3.5	22.7	2.2	glaces et sorbets
Glace ou crème glacée, bac ou pot (aliment moyen)	171	2.8	25	6.5	glaces et sorbets
Glace ou crème glacée, bâtonnet enrobage chocolat	329	3.3	33.3	20	glaces et sorbets
Glace ou crème glacée, bâtonnet enrobage fruits	160	1.5	26.8	5.1	glaces et sorbets
Glace ou crème glacée, cône (taille standard)	290	3.5	36.8	13.5	glaces et sorbets
Glace ou crème glacée, en bac	191	2.5	26.1	8.4	glaces et sorbets
Glace ou crème glacée, gourmande, en bac	231	3.3	29.4	11	glaces et sorbets
Glace ou crème glacée, gourmande, en pot	256	3.9	29.2	13.6	glaces et sorbets
Glace ou crème glacée, mini cône	351	3.9	40.2	19	glaces et sorbets
Glace ou crème glacée, petit pot enfant	170	2.3	24.9	6.6	glaces et sorbets
Glace ou crème glacée, pot individuel	233	3.6	23.3	13.8	glaces et sorbets
Glace à l'eau	83.8	0.2	20.5	0.2	glaces et sorbets
Glace à l'eau ou sorbet ou crème glacée, tout parfum (aliment moyen)	249	2.7	32	11.9	glaces et sorbets
Gnocchi à la pomme de terre, cuit	178	5	34.1	2	produits céréaliers
Gnocchi à la pomme de terre, à cuire	176	4.7	35	1.4	produits céréaliers
Gnocchi à la semoule, à cuire	200	6.2	37	2.6	produits céréaliers
Gombo, fruit, cru	31	1.9	3.8	0.2	fruits, légumes, légumineuses et oléagineux
Gombo, fruit, cuit	22.4	1.9	2	0.2	fruits, légumes, légumineuses et oléagineux
Gorgonzola	318	19.5	0	26.9	produits laitiers
Gouda	369	24.7	0	30.2	produits laitiers
Gouda au cumin	378	24.1	0.6	31	produits laitiers
Gougère	399	16.2	22.7	26.6	entrées et plats composés
Goyave, chair sans peau, crue	68.3	2.5	9	0.9	fruits, légumes, légumineuses et oléagineux
Goûter sec fourré ("sandwiché") parfum chocolat	471	6.3	67.5	18.5	produits sucrés
Goûter sec fourré ("sandwiché") parfum chocolat, au blé complet	465	5.9	69.3	17.2	produits sucrés
Goûter sec fourré ("sandwiché") parfum fruits	407	5.1	73.6	9.4	produits sucrés
Goûter sec fourré ("sandwiché") parfum lait ou vanille	478	5	70	19	produits sucrés
Gracilaire ou ogonori (Gracilaria verrucosa), séchée ou déshydratée	232	17.8	23.4	1.8	aides culinaires et ingrédients divers
Graine de couscous (semoule de blé dur précuite), à cuire	366	12.3	72.7	1.3	produits céréaliers
Graine germée de haricot mungo ou pousse de "soja", appertisée, égouttée	22.4	1.5	2.6	0.1	fruits, légumes, légumineuses et oléagineux
Graine germée de haricot mungo ou pousse de "soja", crue	28.3	2.6	3.4	0	fruits, légumes, légumineuses et oléagineux
Graine germée de lentille, fraîche, crue	123	9	19	0.6	fruits, légumes, légumineuses et oléagineux
Graine germée de luzerne, crue	29.2	3.4	0.8	0.7	fruits, légumes, légumineuses et oléagineux
Grains de blé soufflés au miel ou caramel, enrichis en vitamines et minéraux	390	7.3	82.8	2	produits sucrés
Grains de blé soufflés au miel ou caramel, non enrichis en vitamines et minéraux	382	8.9	77.6	2.5	produits sucrés
Graisse d'oie	898	0	0	99.8	matières grasses
Graisse de canard	898	0	0	99.8	matières grasses
Graisse de dinde	898	0	0	99.8	matières grasses
Graisse de poulet	898	0	0	99.8	matières grasses
Grana Padano	399	33.9	1.2	28.5	produits laitiers
Gratin d'aubergine, préemballé	105	1.5	5.5	8	entrées et plats composés
Gratin dauphinois, préemballé	113	3.4	14.5	4.2	entrées et plats composés
Gratin de chou-fleur, préemballé	86.3	3	3.3	6.5	entrées et plats composés
Gratin de légumes en sauce blanche type béchamel, préemballé, cuit	105	3.6	6.7	6.5	entrées et plats composés
Gratin de légumes, fait maison	107	3.1	3.6	8.5	entrées et plats composés
Gratin de légumes, préemballé	106	3.4	6.9	6.7	entrées et plats composés
Gratin de poisson et purée ou brandade aux pommes de terre ou parmentier de poisson, préemballé	117	6.4	8.6	6.2	entrées et plats composés
Gratin de pâtes au jambon, préemballé	179	7.1	16.4	9.2	entrées et plats composés
Gratin ou cassolette de poisson et / ou fruits de mer, préemballé, cru	105	6.1	8.4	5.1	entrées et plats composés
Gratin ou cassolette de poisson et / ou fruits de mer, préemballé, cuit	117	6.7	5.3	7.5	entrées et plats composés
Grenade, chair sans peau, avec pépins, crue	81	1.4	14.3	1.2	fruits, légumes, légumineuses et oléagineux
Grenadier (de roche), cru	68.9	15.4	0	0.8	viandes, oeufs, poissons
Grenouille, cuisse, crue	70	16.2	0.7	0.3	viandes, oeufs, poissons
Grenouille, cuisse, grillée/poêlée	95.7	21.9	0	0.9	viandes, oeufs, poissons
Gressin, au sésame	443	12.8	59.3	15.7	produits céréaliers
Gressin, au sésame, allégé en matière grasse	427	14	56.8	13.9	produits céréaliers
Gressin, nature (sans sésame)	428	11.4	68.8	10.5	produits céréaliers
Grondin perlon, cru	97.4	20.3	0	1.8	viandes, oeufs, poissons
Grondin, cru	108	19	3.4	2	viandes, oeufs, poissons
Groseille à maquereau, crue	39.4	0.9	4.5	0.6	fruits, légumes, légumineuses et oléagineux
Groseille, crue	67.2	1.6	7.1	0.7	fruits, légumes, légumineuses et oléagineux
Gruyère IGP France	415	28.2	0.7	33.2	produits laitiers
Gruyère, sans précision (origine France ou Suisse)	408	26.3	0.8	33.5	produits laitiers
Guacamole, préemballé	191	1.8	4.6	17.2	aides culinaires et ingrédients divers
Guimauve ou marshmallow	336	3.3	80.7	0.1	produits sucrés
Guimauve ou marshmallow, enrobé de chocolat	383	4.4	67.5	10.5	produits sucrés
Gâteau (aliment moyen)	410	5.5	51.8	19.6	produits sucrés
Gâteau au chocolat type fondant ou mi-cuit, préemballé	467	6	43	29.7	produits sucrés
Gâteau au chocolat, coeur fondant, rayon frais	373	6.6	41.2	19.5	produits laitiers
Gâteau au chocolat, préemballé	445	5.9	51	24	produits sucrés
Gâteau aux amandes type financier, préemballé	447	8.3	44.3	25.7	produits sucrés
Gâteau basque aux cerises	395	4.3	63.3	13.5	produits sucrés
Gâteau basque à la crème pâtissière	340	3.8	51.5	13	produits sucrés
Gâteau breton fourré à la crème de pruneaux, préemballé	453	5.2	59.3	21.3	produits sucrés
Gâteau de riz au caramel, rayon frais	144	3.3	25.4	3.2	produits laitiers
Gâteau de semoule aux raisins et caramel, rayon frais	146	3.8	24.5	3.6	produits laitiers
Gâteau marbré au chocolat, préemballé	438	5.7	50.5	23.2	produits sucrés
Gâteau moelleux au citron, préemballé	411	6.8	49.6	20.4	produits sucrés
Gâteau moelleux aux fruits à coque, type gâteau creusois, préemballé	418	6.3	48.8	21.5	produits sucrés
Gâteau moelleux aux fruits, préemballé	382	3	69	10	produits sucrés
Gâteau moelleux aux pépites de chocolat, type mini-cake, préemballé	442	5.4	50.2	23.6	produits sucrés
Gâteau moelleux fourré au chocolat et au lait, enrobé de chocolat, préemballé	446	5.8	52.9	23.1	produits sucrés
Gâteau moelleux fourré au chocolat et au lait, enrobé de chocolat, préemballé, rayon frais	449	6	42.4	28	produits sucrés
Gâteau moelleux fourré au chocolat et enrobé ou nappé de chocolat, préemballé	440	5	53.8	21.8	produits sucrés
Gâteau moelleux fourré au chocolat, type mini-cake, mini-roulé, ourson…, préemballé	414	5.4	55.4	18.2	produits sucrés
Gâteau moelleux fourré aux fruits type mini-roulé ou mini-cake fourré, préemballé	374	4.6	57.7	12.8	produits sucrés
Gâteau moelleux nature type génoise, préemballé	378	6.7	57.6	13.2	produits sucrés
Gâteau moelleux nature, préemballé	438	5.4	53.1	22.4	produits sucrés
Gâteau moelleux sans gluten (cake, brownie…), au chocolat, préemballé	434	5.4	49.6	24.4	produits sucrés
Gâteau moelleux sans gluten (cake, madeleine…), préemballé	443	4.7	50.7	24.2	produits sucrés
Gâteau moka ou gâteau au café	386	4.1	23	30.8	produits sucrés
Gâteau mousse de fruits sur génoise, type miroir, bavarois	265	2.8	30.8	14.5	produits sucrés
Gâteau ou cake au yaourt, préemballé	409	5.9	52	19.1	produits sucrés
Gâteau Paris-Brest (pâte à choux crème mousseline praliné)	327	5.4	29.1	20.5	produits sucrés
Gélatine, sèche	348	86.9	0	0.1	aides culinaires et ingrédients divers
Gélifiant pour confitures	278	0	62	0	aides culinaires et ingrédients divers
Gésier, canard, confit, appertisé	148	32.4	0	2.1	viandes, oeufs, poissons
Gésier, poulet, cru	99.1	16.8	0	3.5	viandes, oeufs, poissons
Hachis parmentier à la viande, préemballé	138	6	9.4	8.2	entrées et plats composés
Haché de volaille	137	17.7	3.5	5.7	viandes, oeufs, poissons
Haché végétal à base de soja, préemballé	143	11.5	7	5.8	entrées et plats composés
Haché à base de boeuf et soja, préemballé	214	15	2.5	14.6	viandes, oeufs, poissons
Haddock (fumé) ou églefin fumé	97	22.6	0	0.7	viandes, oeufs, poissons
Hamburger, de restauration rapide	251	13.3	29.5	8.4	entrées et plats composés
Hareng fumé, au naturel	167	16.5	0.5	11	viandes, oeufs, poissons
Hareng fumé, doux	163	18.1	0.4	9.9	viandes, oeufs, poissons
Hareng fumé, à l'huile	168	15.1	2	11	viandes, oeufs, poissons
Hareng gras, cru	175	18.7	0.8	10.8	viandes, oeufs, poissons
Hareng maigre, cru	111	18.3	0	4.2	viandes, oeufs, poissons
Hareng mariné ou rollmops, préemballé	189	13.7	1.9	13.8	viandes, oeufs, poissons
Hareng, cru	176	17.7	0	11.7	viandes, oeufs, poissons
Hareng, frit	201	23	0	12.1	viandes, oeufs, poissons
Hareng, grillé/poêlé	193	21.6	1	11.4	viandes, oeufs, poissons
Haricot beurre, appertisé, égoutté	23.2	1.2	3.2	0.2	fruits, légumes, légumineuses et oléagineux
Haricot beurre, bouilli/cuit à l'eau	35	2.2	4.5	0.3	fruits, légumes, légumineuses et oléagineux
Haricot beurre, cru	37.6	1.8	5.6	0.1	fruits, légumes, légumineuses et oléagineux
Haricot beurre, surgelé, cru	33.1	1.8	4.6	0.2	fruits, légumes, légumineuses et oléagineux
Haricot blanc, appertisé, égoutté	85.5	5.9	10.9	0.5	fruits, légumes, légumineuses et oléagineux
Haricot blanc, bouilli/cuit à l'eau	112	6.8	12	1.1	fruits, légumes, légumineuses et oléagineux
Haricot blanc, sec	307	23.4	43.9	0.8	fruits, légumes, légumineuses et oléagineux
Haricot coco, bouilli/cuit à l'eau	130	9.6	13.7	0.5	fruits, légumes, légumineuses et oléagineux
Haricot de Lima ou pois savon ou pois du Cap ou pois souche, cru	105	6.8	15.3	0.9	fruits, légumes, légumineuses et oléagineux
Haricot de mer (Himanthalia elongata), séchée ou déshydratée	227	9.9	26.4	2.3	aides culinaires et ingrédients divers
Haricot flageolet, appertisé, égoutté	92.9	6.1	12.2	0.8	fruits, légumes, légumineuses et oléagineux
Haricot flageolet, bouilli/cuit à l'eau	112	6.8	12	1.1	fruits, légumes, légumineuses et oléagineux
Haricot flageolet, frais, surgelé, cru	153	9.3	25.6	0.5	fruits, légumes, légumineuses et oléagineux
Haricot flageolet, vert, bouilli/cuit à l'eau	115	8.5	13	0.9	fruits, légumes, légumineuses et oléagineux
Haricot flageolet, vert, sec	315	19.1	42.1	2.6	fruits, légumes, légumineuses et oléagineux
Haricot mungo, frais, bouilli/cuit à l'eau	95.7	7.5	11.9	0.6	fruits, légumes, légumineuses et oléagineux
Haricot mungo, sec	343	25.2	47.6	1.6	fruits, légumes, légumineuses et oléagineux
Haricot plat, cru	32.4	1.9	4.5	0.1	fruits, légumes, légumineuses et oléagineux
Haricot rouge, appertisé, égoutté	108	8.3	13	1	fruits, légumes, légumineuses et oléagineux
Haricot rouge, bouilli/cuit à l'eau	116	9.6	12.3	0.6	fruits, légumes, légumineuses et oléagineux
Haricot rouge, sec	314	22.5	46.1	1.1	fruits, légumes, légumineuses et oléagineux
Haricot vert, appertisé, égoutté	23.2	1.3	2.1	0.3	fruits, légumes, légumineuses et oléagineux
Haricot vert, bouilli/cuit à l'eau	27	1.8	3.4	0	fruits, légumes, légumineuses et oléagineux
Haricot vert, cru	31.9	1.8	4.1	0.2	fruits, légumes, légumineuses et oléagineux
Haricot vert, cuit	29.4	2	3	0.2	fruits, légumes, légumineuses et oléagineux
Haricot vert, surgelé, cru	33.1	1.8	4.8	0.2	fruits, légumes, légumineuses et oléagineux
Haricot vert, surgelé, cuit	33.7	1.5	5.1	0.2	fruits, légumes, légumineuses et oléagineux
Haricots blancs à la sauce tomate, appertisés	80.5	4.8	11.7	0.5	entrées et plats composés
Haricots verts, purée	56.3	1.7	4.2	2.9	fruits, légumes, légumineuses et oléagineux
Harissa (sauce au piment), préemballée	76.4	2.7	7.3	2.9	aides culinaires et ingrédients divers
Herbes aromatiques fraîches (aliment moyen)	51.2	3.3	4.7	0.9	aides culinaires et ingrédients divers
Herbes de Provence, séchées	283	11.5	23.1	7.2	aides culinaires et ingrédients divers
Hoki de Nouvelle-Zélande, cru	75.5	15.6	0	1.5	viandes, oeufs, poissons
Hoki, tout lieu de pêche, cru	92.3	17.8	0	2.4	viandes, oeufs, poissons
Homard, bouilli/cuit à l'eau	90.9	19.6	0.1	1.3	viandes, oeufs, poissons
Homard, cru	85.5	17.9	0.9	1.1	viandes, oeufs, poissons
Hot-dog, préemballé	278	10.9	26.3	13.8	entrées et plats composés
Houmous, préemballé	258	8.1	9	19.9	aides culinaires et ingrédients divers
Huile combinée (mélange d'huiles)	897	0	0.5	99.5	matières grasses
Huile combinée, mélange d'huile d'olive et de graines	900	0	0	100	matières grasses
Huile d'amande	900	0	0	100	matières grasses
Huile d'arachide	899	0.2	0	99.9	matières grasses
Huile d'argan ou d'argane	889	0	0	98.7	matières grasses
Huile d'avocat	900	0	0	100	matières grasses
Huile d'olive vierge extra	899	0.2	0	99.9	matières grasses
Huile de beurre ou beurre concentré	900	0.3	0	99.9	matières grasses
Huile de chanvre	900	0	0	100	matières grasses
Huile de colza	900	0	0	100	matières grasses
Huile de coton	900	0	0	100	matières grasses
Huile de foie de morue	900	0	0	100	matières grasses
Huile de germe de blé	900	0	0	100	matières grasses
Huile de hareng	900	0	0	100	matières grasses
Huile de lin	900	0	0	100	matières grasses
Huile de maïs	900	0	0	100	matières grasses
Huile de noisette	900	0	0	100	matières grasses
Huile de noix	900	0	0	100	matières grasses
Huile de noyaux d'abricot	900	0	0	100	matières grasses
Huile de palme, raffinée	900	0	0	100	matières grasses
Huile de pavot	900	0	0	100	matières grasses
Huile de pépins de raisin	900	0	0	100	matières grasses
Huile de sardine	900	0	0	100	matières grasses
Huile de saumon	900	0	0	100	matières grasses
Huile de soja	900	0	0	100	matières grasses
Huile de son de riz	900	0	0	100	matières grasses
Huile de sésame	900	0	0	100	matières grasses
Huile de tournesol	900	0.2	0	100	matières grasses
Huile ou beurre de cacao	900	0	0	100	matières grasses
Huile ou beurre de karité	900	0	0	100	matières grasses
Huile ou graisse de coco (coprah), raffinée	900	0	0	100	matières grasses
Huile ou graisse de coco, sans précision	897	0	0.4	99.5	matières grasses
Huile ou graisse de coco, vierge	899	0.2	0	99.9	matières grasses
Huile ou graisse de palmiste, sans précision	900	0	0	100	matières grasses
Huile pour friture, sans précision	900	0	0	100	matières grasses
Huile végétale (aliment moyen)	899	0.2	0	99.9	matières grasses
Huître creuse, crue	67.2	8.6	3.9	1.9	viandes, oeufs, poissons
Huître plate, crue	53.5	10.2	1.2	0.9	viandes, oeufs, poissons
Huître, sans précision, crue	67.2	8.6	3.9	1.9	viandes, oeufs, poissons
Igname cousse-couche, pulpe, cuit à la vapeur, prélevé à la Martinique	88.9	1.6	17.9	0.3	fruits, légumes, légumineuses et oléagineux
Igname jaune, pulpe, cuit à la vapeur, prélevé à la Martinique	127	2	27.6	0.4	fruits, légumes, légumineuses et oléagineux
Igname saint martin, pulpe, cuit à la vapeur, prélevé à la Martinique	93.3	2.2	18.4	0.3	fruits, légumes, légumineuses et oléagineux
Igname, crue	111	1.2	23.9	0.2	fruits, légumes, légumineuses et oléagineux
Igname, pelée, crue	111	1.5	23.7	0.2	fruits, légumes, légumineuses et oléagineux
Igname, épluchée, bouillie/cuite à l'eau	109	1.5	23.6	0.1	fruits, légumes, légumineuses et oléagineux
Ile flottante, rayon frais	131	4.7	21.4	3	produits laitiers
Isolat de soja	402	80.5	1.8	3.4	aides culinaires et ingrédients divers
Jambon cru	239	25.9	4.3	13.2	viandes, oeufs, poissons
Jambon cru fumé	246	24.2	1	16.1	viandes, oeufs, poissons
Jambon cru fumé, allégé en matière grasse	142	27.7	0.1	3.4	viandes, oeufs, poissons
Jambon cuit, choix	125	19.5	1.7	4.5	viandes, oeufs, poissons
Jambon cuit, choix, avec couenne	137	19.4	0.6	6.3	viandes, oeufs, poissons
Jambon cuit, choix, découenné dégraissé	115	19.6	1.9	3.2	viandes, oeufs, poissons
Jambon cuit, de Paris, découenné dégraissé	115	20	1.1	3.4	viandes, oeufs, poissons
Jambon cuit, fumé	135	20	0.8	5.8	viandes, oeufs, poissons
Jambon cuit, supérieur	113	21	0.8	2.8	viandes, oeufs, poissons
Jambon cuit, supérieur, avec couenne	118	20.4	0.9	3.6	viandes, oeufs, poissons
Jambon cuit, supérieur, découenné	117	20.5	0.8	3.5	viandes, oeufs, poissons
Jambon cuit, supérieur, découenné dégraissé	115	20.3	0.1	3.7	viandes, oeufs, poissons
Jambon cuit, supérieur, dégraissé découenne, à teneur réduite en sel	121	20.8	0.7	3.8	viandes, oeufs, poissons
Jambon de Bayonne	243	28	4.5	12.6	viandes, oeufs, poissons
Jambon de dinde ou blanc de dinde en tranche	99.3	20.9	0	1.7	viandes, oeufs, poissons
Jambon de porc à cuire ou jambon à rôtir/cuire au four	163	18.8	1.8	9	viandes, oeufs, poissons
Jambon de poulet ou blanc de poulet en tranche	105	20.7	1.4	1.8	viandes, oeufs, poissons
Jambon de volaille ou blanc de volaille, à teneur réduite en sel, en tranche	108	21.3	1.6	1.6	viandes, oeufs, poissons
Jambon en croûte	236	14.4	17.8	11.8	viandes, oeufs, poissons
Jambon persillé en gelée	151	19	0.5	7.9	viandes, oeufs, poissons
Jambon sec	230	28.7	0.5	12.6	viandes, oeufs, poissons
Jambon sec de Parme	248	27.2	0.3	15.4	viandes, oeufs, poissons
Jambon sec Serrano	235	30.4	0.8	12.3	viandes, oeufs, poissons
Jambon à l'os braisé	198	21.6	0.3	12.3	viandes, oeufs, poissons
Jambonneau, cuit	157	20	5.4	6	viandes, oeufs, poissons
Joëls (petits poissons entiers) pour friture, crus	88.9	17.5	0	2.1	viandes, oeufs, poissons
Julienne ou brunoise de légumes, surgelée, crue	27.9	1.2	4.1	0.2	fruits, légumes, légumineuses et oléagineux
Julienne ou lingue, crue	80.8	19.2	0	0.4	viandes, oeufs, poissons
Julienne ou lingue, cuite	98	24.5	0	0	viandes, oeufs, poissons
Jus d'ananas, pur jus	52.9	0.4	12.1	0.1	eaux et autres boissons
Jus d'ananas, à base de concentré	52.3	0.4	11.9	0.1	eaux et autres boissons
Jus d'orange sanguine, pur jus	45.6	0.6	10.2	0.1	eaux et autres boissons
Jus d'orange, frais	44.8	0.7	9.2	0.2	eaux et autres boissons
Jus d'orange, pur jus	45.4	0.6	9.6	0.1	eaux et autres boissons
Jus d'orange, à base de concentré	45.6	0.6	9.6	0.1	eaux et autres boissons
Jus de canneberge ou cranberry	49.8		12.1	0.1	eaux et autres boissons
Jus de carotte, pur jus	29.4	0.4	6.5	0.1	eaux et autres boissons
Jus de cerise des Antilles ou d'acérola, frais	22.9	0.4	4.5	0.3	eaux et autres boissons
Jus de citron vert, frais	9.9	0.4	1.7	0.1	eaux et autres boissons
Jus de citron vert, pur jus	25.7	0.2	1.7	0.2	eaux et autres boissons
Jus de citron, fait maison	28.6	0.3	2.5	0.2	eaux et autres boissons
Jus de citron, pur jus	29.4	0.4	6.1	0.3	eaux et autres boissons
Jus de clémentine ou mandarine, pur jus	46.7	0.7	10.4	0.1	eaux et autres boissons
Jus de fruit de la passion ou maracudja, frais	61.7	0.7	14.3	0.2	eaux et autres boissons
Jus de fruit(s) et de légume(s), pur jus	42.8	0.8	9.5	0	eaux et autres boissons
Jus de fruits (aliment moyen)	46.8	0.5	10.2	0.1	eaux et autres boissons
Jus de fruits, pur jus (aliment moyen)	46.6	0.5	10.2	0.1	eaux et autres boissons
Jus de fruits, à base de concentré (aliment moyen)	47.6	0.6	10.4	0.1	eaux et autres boissons
Jus de grenade, frais	47.2	0.2	11.6	0	eaux et autres boissons
Jus de grenade, pur jus	54	0.1	12.7	0.3	eaux et autres boissons
Jus de légumes, pur jus (aliment moyen)	24.3	0.7	4.7	0.1	eaux et autres boissons
Jus de mandarine commune, pur jus filtré pasteurisé, prélevée à la Martinique	37.6		9.4	0	fruits, légumes, légumineuses et oléagineux
Jus de mandarine commune, pur jus filtré, prélevée à la Martinique	42.1	0.6	8.6	0.6	fruits, légumes, légumineuses et oléagineux
Jus de mandarine macaque, pur jus filtré, prélevée à la Martinique	45.5	0.6	10.8	0	fruits, légumes, légumineuses et oléagineux
Jus de mangue, frais	38.8	0.2	9.5	0	eaux et autres boissons
Jus de pamplemousse (pomelo), pur jus	42.5	0.5	8.9	0.1	eaux et autres boissons
Jus de pamplemousse (pomélo), frais	43.7	0.5	9.1	0.1	eaux et autres boissons
Jus de pamplemousse (pomélo), à base de concentré	40.9	0.5	8.4	0.1	eaux et autres boissons
Jus de pomme, pur jus	48.9	0.2	11.4	0.1	eaux et autres boissons
Jus de pomme, à base de concentré	48.5	0.2	11.3	0.1	eaux et autres boissons
Jus de prune de cythère verte "géante" (variété locale), fruit mûr, pur jus filtré, prélevée à la Martinique	33.4	0.3	7.1	0.2	fruits, légumes, légumineuses et oléagineux
Jus de prune de cythère verte "géante" (variété locale), fruit vert, pur jus filtré, prélevée à la Martinique	32	0.4	6.5	0.3	fruits, légumes, légumineuses et oléagineux
Jus de prune de cythère verte "naine" (variété hybride), fruit mûr, pur jus filtré, prélevée à la Martinique	46.4	0.7	10	0.2	fruits, légumes, légumineuses et oléagineux
Jus de prune de cythère verte "naine" (variété hybride), fruit vert, pur jus filtré, prélevée à la Martinique	31.9	0.7	6.3	0.3	fruits, légumes, légumineuses et oléagineux
Jus de pruneau	77.4	0.4	18.7	0	eaux et autres boissons
Jus de raisin, pur jus	69.2	0.2	16.3	0.1	eaux et autres boissons
Jus de raisin, à base de concentré	67.1	0.3	16	0.1	eaux et autres boissons
Jus de tomate, pur jus (aliment moyen)	21.7	0.9	3.7	0.1	eaux et autres boissons
Jus de tomate, pur jus, salé à 3 g/L	23.2	0.9	4.1	0.2	eaux et autres boissons
Jus de tomate, pur jus, salé à 6 g/L	20.1	0.9	3.3	0.1	eaux et autres boissons
Jus multifruit, base orange, multivitaminé	45.5	0.2	11.3	0	eaux et autres boissons
Jus multifruit, base orange, standard	46.8	0.7	10.4	0.2	eaux et autres boissons
Jus multifruit, base pomme, multivitaminé	41.9	0.3	10.1	0	eaux et autres boissons
Jus multifruit, base pomme, standard	49.9	0.3	12.2	0	eaux et autres boissons
Jus multifruit, base raisin, standard	54.6	0.5	13	0	eaux et autres boissons
Jus multifruit, pur jus, multivitaminé	48.4	0.5	11.3	0.1	eaux et autres boissons
Jus multifruit, pur jus, standard	46.5	0.2	11.2	0	eaux et autres boissons
Jus multifruit, à base de concentré, multivitaminé	45.5	0.3	10.8	0.1	eaux et autres boissons
Jus multifruit, à base de concentré, standard	49.6	0.5	11.2	0.1	eaux et autres boissons
Jus multifruit, à base de jus et purée de fruits	49.1	0.5	11.5	0.1	eaux et autres boissons
Kaki, chair et peau, cru	66	0.9	14.3	0	fruits, légumes, légumineuses et oléagineux
Ketchup allégé en sucres, préemballé	68.6	1.3	13.8	0.1	aides culinaires et ingrédients divers
Ketchup, préemballé	108	1.2	23.7	0.2	aides culinaires et ingrédients divers
Kir (vin blanc, crème de cassis)	74.7	0.2	3.3	0	eaux et autres boissons
Kir royal (champagne, crème de cassis)	87.3	0.2	5.7	0	eaux et autres boissons
Kiwi, chair sans peau, avec pépins, cru	60.9	0.9	11	0.6	fruits, légumes, légumineuses et oléagineux
Kombu breton (Laminaria digitata), séché ou déshydraté	211	8.9	22.9	1	aides culinaires et ingrédients divers
Kombu ou kombu japonais (Saccharina japonica), séché ou déshydraté	222	7.9	24.9	2.6	aides culinaires et ingrédients divers
Kombu royal (Saccharina latissima), séché ou déshydraté	205	9.9	23.1	1.4	aides culinaires et ingrédients divers
Kombucha, préemballé	6.6	0.2	1.4	0	eaux et autres boissons
Kouign Amann, artisanal	449	5.8	48.7	25.1	produits sucrés
Kouign amann, préemballé	489	3.6	53.2	28.8	produits sucrés
Ktipiti, tartinade de fromage frais aux poivrons rouges, préemballé	154	7.2	3.9	11.9	aides culinaires et ingrédients divers
Kéfir d'eau et de fruits, préemballé	3.6	0.1	0.9	0	eaux et autres boissons
Kéfir de lait	61.1	3.2	4.5	3.4	produits laitiers
Lait 1er âge, poudre soluble (préparation pour nourrissons)	496	10.9	55	25.3	aliments infantiles
Lait 1er âge, prêt à consommer (préparation pour nourrissons)	71.3	1.2	8	3.8	aliments infantiles
Lait 2e âge, poudre soluble (préparation de suite)	484	11.6	56.3	23.2	aliments infantiles
Lait 2e âge, prêt à consommer (préparation de suite)	65.1	1.2	8.2	2.9	aliments infantiles
Lait concentré sans sucres ajoutés, entier	119	6.4	9.9	5.9	produits laitiers
Lait concentré sucré, entier	327	7.7	56.5	7.9	produits laitiers
Lait de brebis, entier	103	5.7	4.5	7	produits laitiers
Lait de chèvre, demi-écrémé, UHT	45.8	3.8	4.1	1.6	produits laitiers
Lait de chèvre, entier, cru	57.4	3.2	4	3.2	produits laitiers
Lait de chèvre, entier, UHT	64.6	3	4.2	4	produits laitiers
Lait de coco	199	1.9	4.3	19.2	aides culinaires et ingrédients divers
Lait de croissance infantile, liquide (aliment lacté destiné aux enfants en bas âge)	60.9	1.3	7.8	2.7	aliments infantiles
Lait de grand mélange, en vrac	64.4	3.3	4.7	3.7	produits laitiers
Lait de jument, entier	50	2.4	6.2	1.7	produits laitiers
Lait de poule, sans alcool	87.8	4.5	8.1	4.2	produits laitiers
Lait demi-écrémé (aliment moyen)	47.5	3.5	5	1.6	produits laitiers
Lait demi-écrémé (ou à teneur en matière grasse légèrement inférieure), UHT, à teneur réduite en lactose	44.4	3.5	4.7	1.3	produits laitiers
Lait demi-écrémé, pasteurisé	46.4	3.2	4.9	1.5	produits laitiers
Lait demi-écrémé, UHT	47.7	3.5	5	1.6	produits laitiers
Lait demi-écrémé, UHT, enrichi en vitamine D	46.6	3.4	4.8	1.5	produits laitiers
Lait emprésuré aromatisé, rayon frais	111	4.7	16	3	produits laitiers
Lait en poudre, demi-écrémé	459	31.5	43.4	17.5	produits laitiers
Lait en poudre, entier	508	26.6	42	26.2	produits laitiers
Lait en poudre, écrémé	361	35.3	54	0.7	produits laitiers
Lait entier (aliment moyen)	63.9	3.4	4.8	3.5	produits laitiers
Lait entier, pasteurisé	61.8	3.3	4.8	3.3	produits laitiers
Lait entier, UHT	64.6	3.5	4.8	3.5	produits laitiers
Lait fermenté ou yaourt à boire, aromatisé, sucré	65.9	3.2	10.7	0.9	produits laitiers
Lait fermenté ou yaourt à boire, aromatisé, sucré, enrichi en vitamine D	73.3	3	12.3	1.4	produits laitiers
Lait fermenté ou yaourt à boire, aux fruits, sucré	84.6	2.9	11.9	2.5	produits laitiers
Lait fermenté ou yaourt à boire, aux fruits, sucré, enrichi en vitamine D	74	2.9	12.4	1.4	produits laitiers
Lait fermenté type yaourt au bifidus, aromatisé, sucré	86.5	3.9	10.8	2.8	produits laitiers
Lait fermenté type yaourt au bifidus, aux fruits, 0% MG, avec édulcorants	48.1	4.7	6.7	0.1	produits laitiers
Lait fermenté type yaourt au bifidus, aux fruits, sucré	87.7	3.8	10.8	2.8	produits laitiers
Lait fermenté type yaourt au bifidus, nature	92.3	6.3	10.8	2.4	produits laitiers
Lait fermenté type yaourt au bifidus, nature, 0% MG	42.9	4.4	5.8	0.3	produits laitiers
Lait fermenté type yaourt aux esters de stérol, aux fruits, 0% MG, avec édulcorants	47	3.9	6.6	0.5	produits laitiers
Lait fermenté à boire ou lait ribot, nature, au lait entier	52.7	3.4	2	3.2	produits laitiers
Lait fermenté à boire ou lait ribot, nature, maigre	36.2	3.3	3.9	0.5	produits laitiers
Lait fermenté à boire, aromatisé, avec édulcorants, allégé en sucres, 0% MG, au L Casei	27.5	2.9	3.6	0.1	produits laitiers
Lait fermenté à boire, aromatisé, sucré, au L Casei	69.7	3.1	10.8	1.6	produits laitiers
Lait fermenté à boire, aromatisé, sucré, enrichi en vitamine D, au L Casei	73.3	2.8	12.1	1.5	produits laitiers
Lait fermenté à boire, nature, sucré, au L Casei	69.6	3.1	10.8	1.6	produits laitiers
Lait gélifié aromatisé, nappé caramel, rayon frais	91.4	2.5	16.8	1.1	produits laitiers
Lait gélifié aromatisé, rayon frais	124	3.4	19.5	3.5	produits laitiers
Lait à 1,2% MG, UHT, enrichi en vitamines	44.1	3.4	4.8	1.2	produits laitiers
Lait écrémé, pasteurisé	32.7	3.4	4.7	0.1	produits laitiers
Lait écrémé, UHT	34.4	3.6	5	0	produits laitiers
Lait, sans précision sur la teneur en matière grasse, UHT (aliment moyen)	47.7	3.5	5	1.6	produits laitiers
Laitue de mer (Ulva sp.), séchée ou déshydratée	203	15.7	13.8	1.9	aides culinaires et ingrédients divers
Laitue iceberg, crue	17.3	0.9	2.5	0.1	fruits, légumes, légumineuses et oléagineux
Laitue romaine, crue	17.2	1.2	1.4	0.3	fruits, légumes, légumineuses et oléagineux
Laitue, crue	14.7	1.4	1.2	0.2	fruits, légumes, légumineuses et oléagineux
Langouste, bouillie/cuite à l'eau	106	21.8	1.3	1.5	viandes, oeufs, poissons
Langouste, crue	86.9	17.7	1.1	1.3	viandes, oeufs, poissons
Langoustine, bouillie/cuite à l'eau	92.6	20.9	0	1	viandes, oeufs, poissons
Langoustine, crue	89.8	19.1	1.5	0.8	viandes, oeufs, poissons
Langoustine, panée, frite	282	10.9	29	13.6	viandes, oeufs, poissons
Langres	286	16.7	1.1	23.8	produits laitiers
Langue de boeuf sauce madère, préemballée	180	9.5	4.5	13.5	entrées et plats composés
Langue, agneau, crue	167	15.4	1.8	10.9	viandes, oeufs, poissons
Langue, boeuf, crue	195	16.8	0.8	13.8	viandes, oeufs, poissons
Langue, boeuf, cuite	236	23.7	0.2	15.6	viandes, oeufs, poissons
Langue, porc, crue	222	16.3	0.5	17.2	viandes, oeufs, poissons
Langue, veau, crue	181	16.9	0.8	12.2	viandes, oeufs, poissons
Langue, veau, cuite	237	21	0	17	viandes, oeufs, poissons
Lapin de garenne, viande crue	108	21.8	0	2.3	viandes, oeufs, poissons
Lapin de garenne, viande cuite	164	33	0	3.5	viandes, oeufs, poissons
Lapin à la moutarde, préemballé	108	14.9	0.5	5	entrées et plats composés
Lapin, viande braisée	197	30.4	0	8.4	viandes, oeufs, poissons
Lapin, viande crue	188	20.4	0.6	11.6	viandes, oeufs, poissons
Lapin, viande cuite	167	20.5	0.5	9.2	viandes, oeufs, poissons
Lard gras, cru	810	2.9	0	88.7	matières grasses
Lardon fumé, cru	272	16.7	0.3	22.6	viandes, oeufs, poissons
Lardon fumé, cuit	277	14.7	4.8	22.1	viandes, oeufs, poissons
Lardon nature, cru	269	16.6	1	22.1	viandes, oeufs, poissons
Lardon nature, cuit	324	23.8	2	24.5	viandes, oeufs, poissons
Lardon, cru, à teneur réduite en sel	246	17.9	0.8	19	viandes, oeufs, poissons
Lasagnes ou canellonis à la viande (bolognaise), préemballés	134	6.3	13.5	5.7	entrées et plats composés
Lasagnes ou cannellonis au fromage et aux épinards, préemballés	133	6.1	11.4	6.6	entrées et plats composés
Lasagnes ou cannellonis au poisson, préemballées	148	7.3	13	7.1	entrées et plats composés
Lasagnes ou cannellonis aux légumes et au fromage de chèvre, préemballés, cuits	179	7	14	10.2	entrées et plats composés
Lasagnes ou cannellonis aux légumes, préemballées, cuits	120	4.4	10.1	5.9	entrées et plats composés
Laurier, feuille	353	7.6	48.6	8.4	aides culinaires et ingrédients divers
Lentille blonde, bouillie/cuite à l'eau	122	9.7	16.3	0.7	fruits, légumes, légumineuses et oléagineux
Lentille blonde, sèche	339	26.1	48.3	1.9	fruits, légumes, légumineuses et oléagineux
Lentille corail, bouillie/cuite à l'eau	123	10.6	15	0.5	fruits, légumes, légumineuses et oléagineux
Lentille corail, sèche	328	27.7	44.9	0.8	fruits, légumes, légumineuses et oléagineux
Lentille verte, bouillie/cuite à l'eau	125	10.1	16.2	0.6	fruits, légumes, légumineuses et oléagineux
Lentille verte, sèche	327	25.1	44.5	1.8	fruits, légumes, légumineuses et oléagineux
Lentille, bouillie/cuite à l'eau (aliment moyen)	125	10.1	16.2	0.6	fruits, légumes, légumineuses et oléagineux
Lentille, cuisinée, appertisée, égouttée	90.4	6.8	12.3	0.6	fruits, légumes, légumineuses et oléagineux
Lentille, sèche (aliment moyen)	327	25.1	44.5	1.8	fruits, légumes, légumineuses et oléagineux
Levure chimique ou poudre à lever	108	0.1	26.9	0	aides culinaires et ingrédients divers
Levure de bière en paillettes	334	40.4	21.8	4.5	aides culinaires et ingrédients divers
Levure de boulanger déshydratée	341	42.7	14.3	6.6	aides culinaires et ingrédients divers
Levure de boulanger fraîche	115	8.4	11.9	1.9	aides culinaires et ingrédients divers
Lichen de mer ou pioca ou goémon rouge (Chondrus crispus), séché ou déshydraté	215	16.7	15	1.9	aides culinaires et ingrédients divers
Lieu jaune ou colin, cru	75.5	17.7	0	0.5	viandes, oeufs, poissons
Lieu jaune ou colin, cuit	97.8	24.4	0	0	viandes, oeufs, poissons
Lieu noir, cru	82.5	18.8	0	0.8	viandes, oeufs, poissons
Lieu noir, cuit	99.7	23.1	0	0.8	viandes, oeufs, poissons
Lieu noir, surgelé, cru	82.4	19.8	0	0.4	viandes, oeufs, poissons
Lieu ou colin d'Alaska, cru	72.6	16.3	0.5	0.6	viandes, oeufs, poissons
Lieu ou colin d'Alaska, fumé	81.3	18.3	0	0.9	viandes, oeufs, poissons
Limande, crue	80.8	18.3	0	0.8	viandes, oeufs, poissons
Limande-sole, crue	80.6	17	0	1.4	viandes, oeufs, poissons
Limande-sole, cuite à la vapeur	97.7	17.4	1.9	2.3	viandes, oeufs, poissons
Limande-sole, panée, frite	206	16.7	11.9	10.2	viandes, oeufs, poissons
Limonade, sans précision sur la teneur en sucres et édulcorants (aliment moyen)	28.4	0	7.1	0	eaux et autres boissons
Limonade, sans sucres ajoutés, avec édulcorants	0.5	0	0.1	0	eaux et autres boissons
Limonade, sucrée	33	0	8.2	0	eaux et autres boissons
Limonade, sucrée, avec édulcorants	8	0	2	0	eaux et autres boissons
Lin, brun, graine	533	18	3.6	42.2	fruits, légumes, légumineuses et oléagineux
Lin, graine	528	19	6.5	40.3	fruits, légumes, légumineuses et oléagineux
Lingue bleue, crue	79.6	18.9	0	0.4	viandes, oeufs, poissons
Liqueur	225	0.1	25.4	0.2	eaux et autres boissons
Litchi, chair sans peau, sans noyau, au sirop léger, appertisé, égoutté	62.8	0.6	14.3	0.2	fruits, légumes, légumineuses et oléagineux
Litchi, chair sans peau, sans noyau, cru	77.5	1.1	16.1	0	fruits, légumes, légumineuses et oléagineux
Livarot	301	24.6	0	22.6	produits laitiers
Lièvre, viande crue	111	21.6	0	2.7	viandes, oeufs, poissons
Liégeois aux fruits, rayon frais	145	1.1	17.7	7.3	produits laitiers
Liégeois ou viennois (chocolat, café, caramel ou vanille), rayon frais	139	3.1	16.1	6.5	produits laitiers
Lompe, crue	168	10	0	14.2	viandes, oeufs, poissons
Lotte de rivière, crue	77	17.8	0	0.7	viandes, oeufs, poissons
Lotte ou baudroie, crue	67	15.1	0	0.7	viandes, oeufs, poissons
Lotte ou baudroie, grillée/poêlée	98.2	23	0	0.7	viandes, oeufs, poissons
Loup de l'Atlantique, cru	89.9	16.6	0	2.6	viandes, oeufs, poissons
Loup tacheté, cru	108	16.3	0	4.8	viandes, oeufs, poissons
Lupin, graine, sec	356	36.2	21.5	9.7	fruits, légumes, légumineuses et oléagineux
Luzerne, graine	426	29.7	39.3	12.6	fruits, légumes, légumineuses et oléagineux
Lécithine de soja	779	0	8	83	aides culinaires et ingrédients divers
Légume cuit (aliment moyen)	28.7	1.7	3.7	0.3	fruits, légumes, légumineuses et oléagineux
Légume sec, cuit (aliment moyen)	113	8.2	13.8	0.8	fruits, légumes, légumineuses et oléagineux
Légumes (3-4 sortes en mélange), purée	61.2	1.9	4.2	3.4	fruits, légumes, légumineuses et oléagineux
Légumes farcis (sauf tomate)	91.9	4.7	3.6	6.2	entrées et plats composés
Légumes pour couscous, cuits	29.6	1.6	3.9	0.4	fruits, légumes, légumineuses et oléagineux
Légumes pour couscous, surgelés, crus	44.3	1.9	6.5	0.6	fruits, légumes, légumineuses et oléagineux
Légumes pour potages, surgelés, crus	33.9	1.3	5.8	0	fruits, légumes, légumineuses et oléagineux
Légumes pour ratatouille, surgelés	21	1	3.2	0.1	fruits, légumes, légumineuses et oléagineux
Légumes, mélange surgelé, crus	65.1	2.3	5.7	2.6	fruits, légumes, légumineuses et oléagineux
Macaron moelleux fourré à la confiture ou à la crème	448	11	56.5	19	produits sucrés
Macaron sec	436	6.9	77.7	10.2	produits sucrés
Macédoine de légumes en salade, avec sauce, préemballée	129	2.5	3.5	10.7	entrées et plats composés
Macédoine de légumes, appertisée, égouttée	40.4	2.3	5.6	0.3	fruits, légumes, légumineuses et oléagineux
Macédoine de légumes, précuite, à finir de cuire, surgelée	62.4	4	7.5	0.5	fruits, légumes, légumineuses et oléagineux
Macédoine ou cocktail ou salade de fruits, au sirop (sans précision sur léger ou classique), appertisé, égouttée (aliment moyen)	64.9	0.2	15.2	0	fruits, légumes, légumineuses et oléagineux
Macédoine ou cocktail ou salade de fruits, au sirop léger, appertisé, non égoutté	59.7	0.2	14	0.1	fruits, légumes, légumineuses et oléagineux
Macédoine ou cocktail ou salade de fruits, au sirop léger, appertisé, égoutté	59.1	0.2	13.7	0	fruits, légumes, légumineuses et oléagineux
Macédoine ou cocktail ou salade de fruits, au sirop, appertisé, non égoutté	74.8	0.2	17.8	0	fruits, légumes, légumineuses et oléagineux
Macédoine ou cocktail ou salade de fruits, au sirop, appertisé, égoutté	71.3	0.2	16.8	0	fruits, légumes, légumineuses et oléagineux
Madeleine au chocolat (nappage, pépites ou fourrage…), préemballée	447	5.5	53.7	22.7	produits sucrés
Madeleine ordinaire, préemballée	441	5.5	55.3	21.6	produits sucrés
Madeleine, pur beurre, préemballée	453	5.9	52.4	24.1	produits sucrés
Mahi-mahi, chair, cru	84.9	18.5	1.1	0.7	viandes, oeufs, poissons
Mahi-mahi, chair, cuit	109	23.7	1.5	0.9	viandes, oeufs, poissons
Mangue José, chair sans peau, sans noyau, crue, prélevée à La Réunion (Mangifera indica L.)	88.8	0.8	19.3	0.5	fruits, légumes, légumineuses et oléagineux
Mangue, chair sans peau, sans noyau, crue	71.1	0.6	14.3	0	fruits, légumes, légumineuses et oléagineux
Manioc, racine crue	157	1.4	36.3	0.3	fruits, légumes, légumineuses et oléagineux
Manioc, racine cuite	135	0.7	32.8	0	fruits, légumes, légumineuses et oléagineux
Maquereau espagnol ou maquereau blanc ou billard, cru	135	22.1	0	5.2	viandes, oeufs, poissons
Maquereau, cru	198	18.1	0.9	13.5	viandes, oeufs, poissons
Maquereau, filet (grillé ou non), au naturel, appertisé, égoutté	221	18.8	0	16.2	viandes, oeufs, poissons
Maquereau, filet au vin blanc, appertisé, égoutté	202	17.8	1	14.1	viandes, oeufs, poissons
Maquereau, filet grillé, appertisé, en sauce, égoutté	259	18.8	1	19.7	viandes, oeufs, poissons
Maquereau, filet sauce moutarde, appertisé, égoutté	218	20.8	1.5	14.2	viandes, oeufs, poissons
Maquereau, filet sauce tomate, appertisé, égoutté	240	17.7	5.5	16.3	viandes, oeufs, poissons
Maquereau, frit	186	23.6	0	10.2	viandes, oeufs, poissons
Maquereau, fumé	289	19.8	0.9	22.9	viandes, oeufs, poissons
Maquereau, mariné	185	16.3		13.3	viandes, oeufs, poissons
Maquereau, rôti/cuit au four	228	21.5	0	15.8	viandes, oeufs, poissons
Marjolaine, séchée	276	12.7	20.3	7	aides culinaires et ingrédients divers
Marmelade d'orange ou confiture d'orange (extra ou classique)	245	0.2	59.3	0.4	produits sucrés
Maroilles, fermier	349	21.2	0	29.5	produits laitiers
Maroilles, laitier	338	22.3	0	27.8	produits laitiers
Maroilles, sans précision	325	21.9	0	26.4	produits laitiers
Marron glacé	320	0.9	77.5	0.5	produits sucrés
Marsala	211	0.1	27.9	0	eaux et autres boissons
Marsala aux oeufs	153	0	12.4	0	eaux et autres boissons
Mascarpone	369	6	3.1	37	produits laitiers
Matière grasse laitière à 15-25% MG, légère, "à tartiner", doux, enrichie en vitamine(s)	197	0.2	6.2	19.1	matières grasses
Matière grasse ou graisse végétale solide (type margarine) pour friture ou graisse à frire	898	0.2	0	99.8	matières grasses
Matière grasse tartinable à teneur en MG <= 41%, demi-sel, aux stérols végétaux	321	0.2	1.4	35	matières grasses
Matière grasse tartinable à teneur en MG <= 41%, demi-sel, standard	356	0.8	2.8	38	matières grasses
Matière grasse tartinable à teneur en MG <= 41%, doux, riche en oméga 3	308	0	0.4	34	matières grasses
Matière grasse tartinable à teneur en MG <= 41%, doux, standard	366	1.4	2.9	38.6	matières grasses
Matière grasse tartinable à teneur en MG > 41% et <= 62%, demi-sel, riche en oméga 3	506	0	0	56.3	matières grasses
Matière grasse tartinable à teneur en MG > 41% et <= 62%, demi-sel, standard	516	0	0.3	57.3	matières grasses
Matière grasse tartinable à teneur en MG > 41% et <= 62%, doux, aux stérols végétaux	547	0.2	0	60.8	matières grasses
Matière grasse tartinable à teneur en MG > 41% et <= 62%, doux, riche en oméga 3	508	0.1	0.1	56.4	matières grasses
Matière grasse tartinable à teneur en MG > 41% et <= 62%, doux, standard	540	0.2	0.1	60	matières grasses
Matière grasse tartinable à teneur en MG > 62%, demi-sel, standard	630	0.2	0	70	matières grasses
Matière grasse tartinable à teneur en MG > 62%, doux, riche en oméga 3	616	0	0	67.7	matières grasses
Matière grasse tartinable à teneur en MG > 62%, doux, standard	650	0	0.1	72.1	matières grasses
Matière grasse tartinable, sans précision sur la teneur en matière grasse, demi-sel, standard (aliment moyen)	502	0.1	0.7	55.5	matières grasses
Matière grasse tartinable, sans précision sur la teneur en matière grasse, doux, riche en oméga 3 (aliment moyen)	501	0.1	0.1	55.6	matières grasses
Matière grasse tartinable, sans précision sur la teneur en matière grasse, doux, standard (aliment moyen)	557	0.3	0.4	61.7	matières grasses
Mayonnaise (70% MG min.), préemballée	692	1.3	3.4	74.5	aides culinaires et ingrédients divers
Mayonnaise à teneur réduite en matière grasse ou mayonnaise allégée, préemballée	297	1.1	8.8	28.5	aides culinaires et ingrédients divers
Maïs doux, appertisé, égoutté	105	2.7	18.3	1.7	fruits, légumes, légumineuses et oléagineux
Maïs doux, en épis, cuit	106	3.4	18.6	1.5	fruits, légumes, légumineuses et oléagineux
Maïs doux, en épis, surgelé, cru	97.4	3.4	17	1.2	fruits, légumes, légumineuses et oléagineux
Maïs doux, surgelé, cru	105	3.3	19.8	0.8	fruits, légumes, légumineuses et oléagineux
Melon cantaloup (par ex.: Charentais), chair sans peau, sans pépins, cru	59.8	1.1	14.8	0	fruits, légumes, légumineuses et oléagineux
Melon miel ou melon honeydew, chair sans peau, sans pépins, cru	22.2	0.5	4.3	0.1	fruits, légumes, légumineuses et oléagineux
Meloukhia, feuilles de corète séchées, en poudre	239	23	12.7	1.8	aides culinaires et ingrédients divers
Meloukhia, plat à base de boeuf et corète, fait maison	189	10.6	1.2	14.7	entrées et plats composés
Meloukhia, sauce, artisanale	215	1.1	1.4	21	aides culinaires et ingrédients divers
Menthe, fraîche	57.6	3.5	5.3	0.8	aides culinaires et ingrédients divers
Menthe, séchée	283	19.9	22.2	6	aides culinaires et ingrédients divers
Merguez crue	301	13.8	1.1	26.8	viandes, oeufs, poissons
Merguez crue (aliment moyen)	381	12.8		36.3	viandes, oeufs, poissons
Merguez, boeuf et mouton, crue	315	14	2.8	27.6	viandes, oeufs, poissons
Merguez, boeuf et mouton, cuite	283	19.8	1.8	21.8	viandes, oeufs, poissons
Merguez, boeuf et porc, crue	415	11.5		41	viandes, oeufs, poissons
Merguez, boeuf, mouton et porc, crue	358	14.6		33.3	viandes, oeufs, poissons
Merguez, pur boeuf, crue	436	11		43.5	viandes, oeufs, poissons
Meringue	396	4.8	93.2	0.5	produits sucrés
Merlan, cru	79.2	18.8	0	0.5	viandes, oeufs, poissons
Merlan, cuit à la vapeur	98.3	23	0	0.7	viandes, oeufs, poissons
Merlan, frit	127	23.1	0.6	3.6	viandes, oeufs, poissons
Merlan, pané	190	12.6	13	9.6	viandes, oeufs, poissons
Merlu blanc du Cap, surgelé, cru	78	16.1	0	1.5	viandes, oeufs, poissons
Merlu, cru	82.6	17.6	0	1.4	viandes, oeufs, poissons
Merlu, cuit à l'étouffée	112	21.2	0	3	viandes, oeufs, poissons
Merlu, filet, surgelé, cru	88.8	15.1	1.7	2.4	viandes, oeufs, poissons
Mesclun ou salade, mélange de jeunes pousses	22	2	2.5	0	fruits, légumes, légumineuses et oléagineux
Miel	331	0.7	82.1	0	produits sucrés
Mil complet, cru	360	11	64.3	4.2	produits céréaliers
Mil, cuit, sans sel ajouté	116	3.5	22.4	1	produits céréaliers
Milkshake, de restauration rapide	126	3.4	17.4	4.7	produits laitiers
Mille-feuille	292	3.9	43.7	11.3	produits sucrés
Mimolette demi-vieille (6 mois d'affinage minimum)	371	30.6	0.8	27.5	produits laitiers
Mimolette extra-vieille (18 mois d'affinage minimum)	402	33.7	1	29.5	produits laitiers
Mimolette jeune (moins de 6 mois d'affinage)	331	28.9	0	24.2	produits laitiers
Mimolette vieille (12 mois d'affinage minimum)	397	34	0	28.8	produits laitiers
Mimolette, sans précision	319	25.8	0	24.2	produits laitiers
Miso	188	11.7	18.1	6	aides culinaires et ingrédients divers
Mont d'or ou vacherin du Haut-Doubs (produit en France) ou vacherin-Mont d'Or (produit en Suisse)	293	17.9	0.5	24.6	produits laitiers
Morbier	355	22.8	0	29.2	produits laitiers
Mortadelle	310	15.2	0.7	27.4	viandes, oeufs, poissons
Mortadelle pistachée pur porc	317	14.4	0.4	28.2	viandes, oeufs, poissons
Mortadelle, porc et boeuf	304	16.4	2.5	25.4	viandes, oeufs, poissons
Mortadelle, pur porc	310	14.8	4.5	25.8	viandes, oeufs, poissons
Morue, salée, bouillie/cuite à l'eau	113	26	0	1	viandes, oeufs, poissons
Morue, salée, sèche	210	47.6	1.1	1.7	viandes, oeufs, poissons
Moule commune, crue	71.8	11.2	2.7	1.8	viandes, oeufs, poissons
Moule de Méditerranée, crue	68.7	10.7	2.8	1.7	viandes, oeufs, poissons
Moule, bouillie/cuite à l'eau	108	17.2	5.1	2.1	viandes, oeufs, poissons
Moules farcies (matière grasse, persillade…), préemballées, crues	283	9.6	4.2	24.8	entrées et plats composés
Moules marinières (oignons et vin blanc), préemballées	91.9	10.3	7.4	2.2	entrées et plats composés
Moules à la sauce catalane ou escabèche (tomate), appertisée, égouttée	75.4	9.6	4.9	1.6	viandes, oeufs, poissons
Moules, au naturel, appertisées, égouttées	97.6	16.1	2.6	2.1	viandes, oeufs, poissons
Moussaka, préemballée	147	5.8	5.2	10.8	entrées et plats composés
Mousse au chocolat (base laitière), rayon frais	155	5.1	20.3	5.5	produits laitiers
Mousse au chocolat ou café, sur ganache, rayon frais	360	4.6	17.5	29.7	produits laitiers
Mousse au chocolat traditionnelle, rayon frais	319	7.4	23.8	21.1	produits laitiers
Mousse au chocolat végétale, rayon frais	262	6.7	24.3	14	produits laitiers
Mousse aux fruits, au fromage frais, 0% MG, sucrée, avec édulcorants, enrichie en calcium, rayon frais	51.7	6.2	5.5	0	produits laitiers
Mousse aux fruits, au fromage frais, sucrée, rayon frais	144	5	14.4	7.4	produits laitiers
Mousse de canard	394	10.1	7.1	36.1	viandes, oeufs, poissons
Mousse de foie de porc	286	12	3.4	24.9	viandes, oeufs, poissons
Mousse de foie de porc supérieure ou crème de foie	324	11.1	10.9	26.1	viandes, oeufs, poissons
Mousse de fromage blanc sur lit de fruits, 0% MG, avec édulcorants, enrichie en calcium et vitamine D	56.2	6.5	6	0.5	produits laitiers
Mousse liégeoise (chocolat, café, caramel ou vanille), rayon frais	177	3.8	19.2	9.3	produits laitiers
Mousse à la crème de marrons, rayon frais	207	2.2	34.4	6.5	produits laitiers
Moutarde	151	6.9	4.3	11.2	aides culinaires et ingrédients divers
Moutarde à l'ancienne	142	6.6	2.2	9.9	aides culinaires et ingrédients divers
Mouton, gigot cru	225	18	0	17	viandes, oeufs, poissons
Mouton, pied cru	204	18.1	0	14.6	viandes, oeufs, poissons
Mouton, tête crue	204	18.1	0	14.6	viandes, oeufs, poissons
Mouton, viande crue	137	20.6	0	6.1	viandes, oeufs, poissons
Mouton, épaule crue	228	17.3	0.1	17.6	viandes, oeufs, poissons
Mozzarella au lait de bufflonne ou buflesse ("di bufala")	260	14.5	0.2	22.3	produits laitiers
Mozzarella au lait de vache	227	16.5	0.7	17.7	produits laitiers
Muesli (aliment moyen)	433	8.9	63.4	14.3	produits sucrés
Muesli croustillant au chocolat, enrichi en vitamines et minéraux	469	8	61.9	19.7	produits sucrés
Muesli croustillant au chocolat, non enrichi en vitamines et minéraux	446	9.2	64.7	15.1	produits sucrés
Muesli croustillant aux fruits à coque et/ou graines uniquement, enrichi en vitamines et minéraux	433	9.8	63.3	13.8	produits sucrés
Muesli croustillant aux fruits à coque et/ou graines uniquement, non enrichi en vitamines et minéraux	450	10	61.2	16.5	produits sucrés
Muesli croustillant aux fruits, avec ou sans fruits à coque et/ou graines, enrichi en vitamines et minéraux	464	8.4	60.4	19.4	produits sucrés
Muesli croustillant aux fruits, avec ou sans fruits à coque et/ou graines, non enrichi en vitamines et minéraux	442	8.7	62.7	15.7	produits sucrés
Muesli enrichi en vitamines et minéraux (aliment moyen)	436	8.8	63.6	14.6	produits sucrés
Muesli floconneux aux fruits, fruits à coque et/ou graines, enrichi en vitamines et minéraux	378	9.5	68.9	5.3	produits sucrés
Muesli floconneux aux fruits, fruits à coque et/ou graines, non enrichi en vitamines et minéraux	371	10.6	60.9	7	produits sucrés
Muesli floconneux aux fruits, fruits à coque et/ou graines, sans sucres ajoutés, non enrichi	374	10.3	59.8	8.1	produits sucrés
Muesli non enrichi en vitamines et minéraux (aliment moyen)	409	9.6	61.8	11.6	produits sucrés
Muffin anglais complet, petit pain spécial, préemballé	205	10.9	31	1.7	produits céréaliers
Muffin anglais, petit pain spécial, préemballé	228	9.1	42.5	1.1	produits céréaliers
Muffin, au chocolat, préemballé	444	5.6	52.5	23	produits sucrés
Muffin, aux fruits (myrtilles et autres), préemballé	397	4.8	49.1	19.9	produits sucrés
Mulet, cru	118	20.1	1.4	3.6	viandes, oeufs, poissons
Mulet, rôti/cuit au four	143	24.8	0	4.9	viandes, oeufs, poissons
Munster	324	20.4	0.7	26.8	produits laitiers
Museau de boeuf	151	26.2	0	5.2	viandes, oeufs, poissons
Myrtille, crue	57.7	0.9	10.6	0.3	fruits, légumes, légumineuses et oléagineux
Mâche, crue	15	2	0.5	0	fruits, légumes, légumineuses et oléagineux
Mélange apéritif de fruits exotiques, sec	389	2.2	69.5	10.5	fruits, légumes, légumineuses et oléagineux
Mélange apéritif de graines et fruits séchés, sans sel ajouté	493	8.3	51	26.3	fruits, légumes, légumineuses et oléagineux
Mélange apéritif de graines et raisins secs, sans sel ajouté	541	12.5	31.8	37.2	fruits, légumes, légumineuses et oléagineux
Mélange apéritif de graines grillées, salées	637	18.6	9.7	54.7	fruits, légumes, légumineuses et oléagineux
Mélange apéritif de graines salées et fruits séchés	583	16.9	23.7	44.1	fruits, légumes, légumineuses et oléagineux
Mélange apéritif de graines salées et raisins secs	561	16.6	27.1	39.6	fruits, légumes, légumineuses et oléagineux
Mélange de céréales et légumes secs, cru	354	13.7	59	4	produits céréaliers
Mélange de flocons de céréales, nature, non enrichi en vitamines et minéraux	341	10.2	61.7	3.2	produits sucrés
Mélange de fromages râpés (ex : spécial gratins, spécial pâtes, spécial pizzas…)	386	32	0.1	28.9	produits laitiers
Mélasse de canne	300	0	74.7	0.1	produits sucrés
Mérou, cru	85.2	18.6	0.7	0.9	viandes, oeufs, poissons
Mûre (de ronce), crue	46	1.1	6.5	0.7	fruits, légumes, légumineuses et oléagineux
Navarin d'agneau aux légumes	135	9.7	3.9	8.6	entrées et plats composés
Navet, bouilli/cuit à l'eau	18.4	0.8	3.2	0	fruits, légumes, légumineuses et oléagineux
Navet, cuit	25	0.9	3.8	0.2	fruits, légumes, légumineuses et oléagineux
Navet, pelé, cru	25.6	0.9	4.4	0.1	fruits, légumes, légumineuses et oléagineux
Navet, surgelé, cru	20.4	1	2.8	0.2	fruits, légumes, légumineuses et oléagineux
Nectar d'abricot	58.6	0.2	13.7	0	eaux et autres boissons
Nectar d'ananas	52.4	0.1	13	0	eaux et autres boissons
Nectar d'orange	41.6	0.3	9.2	0.1	eaux et autres boissons
Nectar de banane	53.8	0.2	12.8	0	eaux et autres boissons
Nectar de fraise	47.5	0.3	11.3	0.1	eaux et autres boissons
Nectar de fruit de la passion ou maracuja	68	0.3	15.2	0.1	eaux et autres boissons
Nectar de goyave	48	0.1	10.9	0.2	eaux et autres boissons
Nectar de mangue	52.1	0.2	11.3	0.1	eaux et autres boissons
Nectar de papaye	58.9	0.2	13.9	0.1	eaux et autres boissons
Nectar de poire	62.5	0.2	14.8	0	eaux et autres boissons
Nectar de pomme	44.9	0.1	10.9	0.1	eaux et autres boissons
Nectar de pêche	50.3	0.2	12.1	0.1	eaux et autres boissons
Nectar multifruit, base orange, multivitaminé	42.6	0.4	10.3	0	eaux et autres boissons
Nectar multifruit, base orange, standard	50.2	0.2	11.9	0.1	eaux et autres boissons
Nectar multifruit, base pomme, multivitaminé	36.4	0.1	9.1	0	eaux et autres boissons
Nectar multifruit, base pomme, standard	41.1	0.3	10	0	eaux et autres boissons
Nectar multifruit, multivitaminé	47.2	0.2	11.3	0.1	eaux et autres boissons
Nectar multifruit, standard	49.7	0.3	11.5	0.1	eaux et autres boissons
Nectar, avec édulcorants, allégé en sucres	23.2	0.2	5.5	0	eaux et autres boissons
Nectarine ou brugnon, blanche, chair et peau, sans noyau, crue	49.5	0.8	11.4	0	fruits, légumes, légumineuses et oléagineux
Nectarine ou brugnon, chair et peau, sans noyau, crue (aliment moyen)	49.5	0.7	11.3	0	fruits, légumes, légumineuses et oléagineux
Nectarine ou brugnon, jaune, chair et peau, sans noyau, crue	49.5	0.7	11.3	0	fruits, légumes, légumineuses et oléagineux
Nem ou pâté impérial, au porc, préemballé, cuit	237	6.9	22.6	12.7	entrées et plats composés
Nem ou pâté impérial, au poulet, préemballé, cuit	197	8.1	20.9	8.1	entrées et plats composés
Nem ou pâté impérial, aux crevettes et/ou au crabe, préemballé, cuit	213	7.4	23.7	9.2	entrées et plats composés
Nem ou pâté impérial, préemballé, cuit (aliment moyen)	216	7.5	22.4	10	entrées et plats composés
Neufchâtel	300	18.1	0	25.5	produits laitiers
Noisette grillée, salée	664	13.4	7.7	61.2	fruits, légumes, légumineuses et oléagineux
Noisette grillée, sans sel ajouté	684	14.4	8.8	62.4	fruits, légumes, légumineuses et oléagineux
Noisette, sans sel ajouté	632	14.4	7.2	56.9	fruits, légumes, légumineuses et oléagineux
Noix de cajou, grillée à sec, sans sel ajouté	630	17.4	23.5	49	fruits, légumes, légumineuses et oléagineux
Noix de cajou, grillée, salée	632	15.2	26.7	49.5	fruits, légumes, légumineuses et oléagineux
Noix de cajou, grillée, sans sel ajouté	618	17.4	21.3	48.1	fruits, légumes, légumineuses et oléagineux
Noix de coco, amande immature, fraîche	360	3.3	6.2	33.5	fruits, légumes, légumineuses et oléagineux
Noix de coco, chair, fraîche	369	3.5	4.7	34.7	fruits, légumes, légumineuses et oléagineux
Noix de coco, chair, sèche	692	6.8	7.8	66.8	fruits, légumes, légumineuses et oléagineux
Noix de macadamia, grillée, salée	724	7	9.9	70.2	fruits, légumes, légumineuses et oléagineux
Noix de macadamia, sans sel ajouté	757	7.9	5.2	75.8	fruits, légumes, légumineuses et oléagineux
Noix de muscade	506	5.8	27.4	36.3	aides culinaires et ingrédients divers
Noix de pécan, salées	731	10.2	5	73	fruits, légumes, légumineuses et oléagineux
Noix de pécan, sans sel ajouté	727	9.2	4.2	72	fruits, légumes, légumineuses et oléagineux
Noix du Brésil ou noix d'Amazonie, sans sel ajouté	701	14.3	4.2	67.1	fruits, légumes, légumineuses et oléagineux
Noix, cerneau, séchée	709	13.3	6.9	67.3	fruits, légumes, légumineuses et oléagineux
Nori (Porphyra sp., Pyropia), séchée ou déshydratée	257	30.2	11.7	1.8	aides culinaires et ingrédients divers
Nougat glacé	249	4.5	26.4	13.4	glaces et sorbets
Nougat tendre	437	7	69.3	13.9	produits sucrés
Nouilles asiatiques cuisinées (boeuf, poulet, légumes…) non instantanées	140	4.8	18.8	4.3	entrées et plats composés
Nouilles asiatiques instantanées, aromatisées, cuites	164	3.8	21.1	6.9	entrées et plats composés
Nouilles aux crevettes, préemballées, sautées/poêlées	104	4.9	12.6	3.4	entrées et plats composés
Nuggets ou croquette panée de blé (sans soja), préemballé	284	12.6	22.4	14.9	entrées et plats composés
Nuggets ou croquette panée de poisson, préemballé	255	13.2	18.4	13.7	viandes, oeufs, poissons
Nuggets ou croquette panée de poulet (contenant du soja), préemballé	220	13.4	16.7	10.3	entrées et plats composés
Nuggets ou croquette panée de poulet, préemballé	250	15.6	19.4	11.6	entrées et plats composés
Nuggets ou croquette panée de soja et blé (convient aux véganes ou végétaliens), préemballé	251	15.5	19.7	10.9	entrées et plats composés
Nuggets ou croquette panée de soja et blé (ne convient pas aux véganes ou végétaliens), préemballé	253	14.1	18.5	12.6	entrées et plats composés
Nuggets ou croquette panée de volaille, préemballé	247	13.1	18	13.2	entrées et plats composés
Nèfle du Japon, chair et peau, sans noyau, crue	48.1	0.4	9.9	0.2	fruits, légumes, légumineuses et oléagineux
Oeuf au plat, sans matière grasse	157	14.6	1.4	10.4	viandes, oeufs, poissons
Oeuf brouillé, avec matière grasse	167	11.9	0.4	13	viandes, oeufs, poissons
Oeuf cru	140	12.8	0.1	9.8	viandes, oeufs, poissons
Oeuf d'oie, cru	180	13.9	1.4	13.3	viandes, oeufs, poissons
Oeuf de caille, cru	154	13.1	0.4	11.1	viandes, oeufs, poissons
Oeuf de cane, cru	181	12.8	1.4	13.8	viandes, oeufs, poissons
Oeuf de dinde, cru	166	13.7	1.1	11.9	viandes, oeufs, poissons
Oeuf dur	134	13.5	0.5	8.6	viandes, oeufs, poissons
Oeuf poché	139	12.5	0.9	9.5	viandes, oeufs, poissons
Oeuf à la coque	142	12.2	1.1	9.8	viandes, oeufs, poissons
Oeuf, blanc (blanc d'oeuf), cru	48.1	10.9	0.7	0.2	viandes, oeufs, poissons
Oeuf, blanc (blanc d'oeuf), cuit	47.3	10.3	1.1	0.2	viandes, oeufs, poissons
Oeuf, blanc (blanc d'oeuf), en poudre	356	81.1	7.8	0	viandes, oeufs, poissons
Oeuf, en poudre	587	48.4	1.5	43	viandes, oeufs, poissons
Oeuf, jaune (jaune d'oeuf), cru	307	15.5	1.1	26.7	viandes, oeufs, poissons
Oeuf, jaune (jaune d'oeuf), cuit	340	16	1.3	30.1	viandes, oeufs, poissons
Oeuf, jaune (jaune d'oeuf), en poudre	667	33.7	2.1	58.1	viandes, oeufs, poissons
Oeufs au lait, rayon frais	124	5	14.7	5.1	produits laitiers
Oeufs de cabillaud, fumés, semi-conserve	154	29	0.1	4.2	viandes, oeufs, poissons
Oeufs de lompe ou oeufs de lump, semi-conserve	77.8	10.4	1	3.5	viandes, oeufs, poissons
Oeufs de saumon du Pacifique, semi-conserve	240	30.8	5.2	10.5	viandes, oeufs, poissons
Oeufs de truite, semi-conserve	209	26.3	4	9.5	viandes, oeufs, poissons
Oie, viande crue	155	22.8	0	7.1	viandes, oeufs, poissons
Oie, viande et peau crues	366	15.9	0	33.6	viandes, oeufs, poissons
Oie, viande et peau rôties/cuites au four	298	25.2	0	21.9	viandes, oeufs, poissons
Oie, viande rôtie/cuite au four	230	29	0	12.7	viandes, oeufs, poissons
Oignon blanc ou jaune, sauté/poêlé sans matière grasse	39.2	1.6	6.7	0	fruits, légumes, légumineuses et oléagineux
Oignon jaune, cru	35.9	1.2	6.4	0	fruits, légumes, légumineuses et oléagineux
Oignon nouveau ou oignon frais ou cébette, sauté/poêlé sans matière grasse	28	1.1	3.6	0.3	fruits, légumes, légumineuses et oléagineux
Oignon rouge, cru	35	1.3	5.6	0.4	fruits, légumes, légumineuses et oléagineux
Oignon rouge, sauté/poêlé	41.5	1.7	7.5	0	fruits, légumes, légumineuses et oléagineux
Oignon, cru	39	1.1	6.2	0.6	fruits, légumes, légumineuses et oléagineux
Oignon, cuit	34.6	1.3	6.2	0.2	fruits, légumes, légumineuses et oléagineux
Oignon, surgelé, cru	30.3	0.9	5.2	0.1	fruits, légumes, légumineuses et oléagineux
Oignon, séché	355	8.9	74.1	0.5	fruits, légumes, légumineuses et oléagineux
Olive (aliment moyen)	165	1.3	0.7	16.6	aides culinaires et ingrédients divers
Olive noire (aliment moyen)	182	1.4	0.3	18	aides culinaires et ingrédients divers
Olive noire, en saumure, égouttée	173	1.4	0	17.2	aides culinaires et ingrédients divers
Olive noire, à l'huile (à la grecque)	349	2.2	4.3	33.3	aides culinaires et ingrédients divers
Olive verte, en saumure, égouttée	164	1.1	0.6	16.6	aides culinaires et ingrédients divers
Olives vertes, fourrées ou farcies (anchois, poivrons, etc.)	156	2.1	1.2	15.2	aides culinaires et ingrédients divers
Omble chevalier, cru	103	19.8	0	2.7	viandes, oeufs, poissons
Omelette au fromage, faite maison	255	17.7	2.6	19.3	viandes, oeufs, poissons
Omelette aux champignons, faite maison	125	8.1	2.3	9.2	viandes, oeufs, poissons
Omelette aux lardons, faite maison	267	12.5	1.5	23.5	viandes, oeufs, poissons
Omelette nature, faite maison	196	13.8	0.9	15.3	viandes, oeufs, poissons
Omelette norvégienne	212	3.6	34.8	6.5	glaces et sorbets
Omelette à la ciboulette, faite maison	147	9.5	2	11.2	viandes, oeufs, poissons
Omelette, garnitures diverses : légumes, fromages, viandes... (aliment moyen)	179	9.6	4.8	13.2	viandes, oeufs, poissons
Orange, chair sans peau, sans pépins, crue	42	0.8	8	0	fruits, légumes, légumineuses et oléagineux
Oreille de porc demi-sel	228	22.5	0.6	15.1	viandes, oeufs, poissons
Orge complète, crue	334	12.5	56.2	2.3	produits céréaliers
Orge perlée, bouilli/cuite à l'eau, sans sel ajouté	119	2.3	24.4	0.4	produits céréaliers
Orge perlée, crue	346	9.9	68.6	1.2	produits céréaliers
Origan, séché	265	9	26.4	4.3	aides culinaires et ingrédients divers
Ormeau, cru	99.6	14.4	8.7	0.8	viandes, oeufs, poissons
Orphie commune, crue	145	20	3.1	5.9	viandes, oeufs, poissons
Oseille, crue	23.4	1.9	1.6	0.7	fruits, légumes, légumineuses et oléagineux
Ossau-Iraty (fromage de brebis)	423	24.2	1	36	produits laitiers
Osso buco de veau à la milanaise (jarret de porc , légumes, vin blanc)	102	12.5	3.5	4.1	entrées et plats composés
Pain (aliment moyen)	276	8.2	55	1.4	produits céréaliers
Pain au chocolat, artisanal	423	7.5	45.4	22.5	produits sucrés
Pain au chocolat, préemballé	421	6.3	48.6	21.4	produits sucrés
Pain au lait aux pépites de chocolat, préemballé	375	8.2	49.6	14.7	produits sucrés
Pain au lait, artisanal	376	8.6	49	15.4	produits sucrés
Pain au lait, préemballé	357	8.7	50.5	12.3	produits sucrés
Pain au levain	261	7.4	53.1	1.3	produits céréaliers
Pain au son	244	8.3	44.4	1.9	produits céréaliers
Pain aux céréales et/ou aux graines, préemballé	282	8.3	39.7	7.6	produits céréaliers
Pain aux céréales et/ou graines	269	9.6	46.9	3.2	produits céréaliers
Pain aux graines sans gluten, préemballé	266	4.7	38.8	8.6	produits céréaliers
Pain aux raisins (viennoiserie), artisanal	345	5.8	53.4	11.5	produits sucrés
Pain azyme, préemballé	372	10.7	74.9	1.7	produits céréaliers
Pain bagel	301	9.8	53	4.6	produits céréaliers
Pain bis (à la farine T80 ou T110)	265	8.6	54	0.3	produits céréaliers
Pain blanc (par ex. : baguette, boule…)	287	8.3	58.3	1.4	produits céréaliers
Pain blanc précuit, à finir de cuire, préemballé	265	7.1	53.9	1.2	produits céréaliers
Pain blanc, fait maison (avec farine pour machine à pain)	256	7.8	52.1	0.9	produits céréaliers
Pain blanc, passé au grille-pain	317	9.5	64	1.3	produits céréaliers
Pain blanc, sans sel ajouté	282	8.7	57	1.2	produits céréaliers
Pain brioché ou viennois, artisanal	338	8.9	48.6	11.2	produits sucrés
Pain complet au seigle, préemballé	213	5.7	39.5	0.9	produits céréaliers
Pain complet ou intégral (à la farine T150)	234	8.7	41.2	1.7	produits céréaliers
Pain d'épices fourré aux fruits ou nonnette, préemballé	338	3.9	75	2.1	produits sucrés
Pain d'épices, préemballé	318	3.1	71.8	1.1	produits sucrés
Pain de campagne	253	7.5	50	1.3	produits céréaliers
Pain de campagne, fait maison (avec farine pour machine à pain)	240	8	46.7	0.9	produits céréaliers
Pain de campagne, préemballé	257	6.7	48.7	2.8	produits céréaliers
Pain de mie aux céréales et/ou graines, préemballé	290	8.8	43.5	6.6	produits céréaliers
Pain de mie blanc sans gluten, préemballé	242	3.4	41.2	5.1	produits céréaliers
Pain de mie blanc, préemballé	279	7.1	50.4	4.4	produits céréaliers
Pain de mie blanc, sans croûte, préemballé	266	6.9	50.2	3.2	produits céréaliers
Pain de mie blanc, sans sucres ajoutés, préemballé	290	7	48.1	5.9	produits céréaliers
Pain de mie brioché, préemballé	312	7.8	51.4	7.3	produits céréaliers
Pain de mie complet, préemballé	257	7.3	41.8	4.1	produits céréaliers
Pain de mie complet, sans croûte, préemballé	245	7.1	42.8	3.2	produits céréaliers
Pain de seigle et froment	260	8.3	51.5	1	produits céréaliers
Pain de tradition française (par ex. : baguette, boule…)	279	8.2	56.7	1	produits céréaliers
Pain grillé au blé complet, tranches, préemballé	390	10.3	69.4	5.6	produits céréaliers
Pain grillé au froment, tranches, préemballé	399	9.8	71.8	6.2	produits céréaliers
Pain grillé aux céréales, tranches, préemballé	417	12.8	70	7.3	produits céréaliers
Pain grillé brioché, tranches, préemballé	427	10.2	67.6	11.3	produits céréaliers
Pain panini	254	7.5	50.6	1.1	produits céréaliers
Pain perdu	226	6	30.8	8.4	produits laitiers
Pain pita	249	7.5	48.8	1.5	produits céréaliers
Pain pour burger ou hot dog (bun) complet, préemballé	296	8.6	48.2	6.2	produits céréaliers
Pain pour burger ou hot dog (bun), préemballé	283	8.2	47.2	4.9	produits céréaliers
Pain sans gluten précuit, à finir de cuire, préemballé	234	2.9	39.8	5.3	produits céréaliers
Pain sans gluten, préemballé	249	4.6	37.1	6.6	produits céréaliers
Palet ou galette de légumes, préfrit, surgelé	101	2.3	8.7	5.7	entrées et plats composés
Palet ou galette de légumes, préfrit, surgelé, cuit	105	3.3	8.4	5.7	entrées et plats composés
Palette à la diable, préemballée	102	13	1	4.5	entrées et plats composés
Pamplemousse chinois, chair sans peau, sans pépins, cru	38.4	0.8	7.1	0	fruits, légumes, légumineuses et oléagineux
Pan bagnat	205	8	27.8	6.5	entrées et plats composés
Panaché (limonade et bière)	39	0	6.3	0	eaux et autres boissons
Panaché préemballé (<1° alc.), aromatisé ou non	32	0	7.1	0	eaux et autres boissons
Panais, cru	67.9	1.2	12.6	0.3	fruits, légumes, légumineuses et oléagineux
Panais, cuit à l'étouffée	91.2	1.9	16.6	0.5	fruits, légumes, légumineuses et oléagineux
Pancake (petite crêpe épaisse), fourrée à la pâte à tartiner chocolat noisette, préemballée	331	6.8	50.1	11	produits sucrés
Pancake (petite crêpe épaisse), sucrée, préemballée	358	5.5	45.3	16.6	produits sucrés
Pancetta ou poitrine roulée sèche	349	20.2	2.5	28.8	viandes, oeufs, poissons
Panettone (brioche italienne aux raisins secs et écorces d'orange confite), préemballée	352	6.9	50.6	12.7	produits sucrés
Pangas, poisson-chat, machoiron, cru	65.2	13.5	0	1.3	viandes, oeufs, poissons
Pangas, poisson-chat, machoiron, cuit	79	17.5	0	1	viandes, oeufs, poissons
Panna cotta, avec préparations de fruits ou caramel, rayon frais	192	2.7	15.9	12.1	produits laitiers
Pané soja et blé (ne convient pas aux véganes ou végétaliens)	260	14.4	16.8	13.9	entrées et plats composés
Pané soja, blé et fromage, type cordon bleu, préemballé	247	15.2	15.1	13.1	entrées et plats composés
Papaye Colombo (fruit mûr), chair sans peau, sans pépins, crue, prélevée à La Réunion (Carica papaya L.)	38	0.6	7.9	0	fruits, légumes, légumineuses et oléagineux
Papaye, chair sans peau, crue	39.6	0.8	8.5	0	fruits, légumes, légumineuses et oléagineux
Paprika, poudre	318	14.1	18.8	12.9	aides culinaires et ingrédients divers
Parmentier de canard, préemballé, cuit	168	7	10.5	10.2	entrées et plats composés
Parmentier de canard, préemballé, à cuire	146	6.8	8.5	9.1	entrées et plats composés
Parmesan	411	31.1	1.1	31	produits laitiers
Pastilla au poulet, préemballée	218	12.3	14.1	12.2	entrées et plats composés
Pastille rafraîchissante, sans sucres	241	0.1	96.3	0.7	produits sucrés
Pastille rafraîchissante, sucrée	390	0.1	96.7	0.4	produits sucrés
Pastis	274	0	2.9	0	eaux et autres boissons
Pastèque, chair sans peau, sans pépins, crue	35.4	0.7	8.3	0	fruits, légumes, légumineuses et oléagineux
Patate douce, crue	81.2	1.6	17.1	0.1	fruits, légumes, légumineuses et oléagineux
Patate douce, cuite	79.1	1.7	16.3	0.1	fruits, légumes, légumineuses et oléagineux
Patate douce, pulpe, cuite à la vapeur, prélevée à la Martinique	126	1.5	25.2	0.1	fruits, légumes, légumineuses et oléagineux
Patate douce, purée, cuisinée à la crème	79.8	1.1	12.1	2	fruits, légumes, légumineuses et oléagineux
Paupiette de veau	181	14.6	4.7	11.3	entrées et plats composés
Paupiette de veau, préemballée, rôtie/cuite au four	276	22	0.5	20.5	entrées et plats composés
Paupiette de volaille	163	17.4	8.8	6.2	entrées et plats composés
Pavot, graine	534	21.2	13.7	41.6	aides culinaires et ingrédients divers
Pavé au poivre (charcuterie)	374	23.5	1.5	30.3	viandes, oeufs, poissons
Paëlla (poulet fruit de mer, chorizo, colin), fait maison	135	6.4	22	2.2	entrées et plats composés
Paëlla, préemballée	148	7.9	17.1	4.9	entrées et plats composés
Pecorino (fromage de brebis)	383	25.5	1	31	produits laitiers
Pecten d'Amérique ou peigne du Canada, noix, crue	81.3	17.3	1.8	0.5	viandes, oeufs, poissons
Perche du Nil, crue	82.4	19.1	0	0.7	viandes, oeufs, poissons
Perche ou perche européenne, crue	84.6	17.9	0.6	1.2	viandes, oeufs, poissons
Perche ou perche européenne, rôtie/cuite au four	119	22.1	0	3.4	viandes, oeufs, poissons
Persil, frais	42.5	3	4.1	0.6	aides culinaires et ingrédients divers
Persil, séché	291	29	16.8	5.3	aides culinaires et ingrédients divers
Petit pain grillé suédois au blé complet	402	9.7	65.8	8.6	produits céréaliers
Petit pain grillé suédois au blé complet, sans sucres ajoutés	391	10.8	65	7.2	produits céréaliers
Petit pain grillé suédois au froment	411	8.7	71.6	8.4	produits céréaliers
Petit pain grillé suédois aux céréales et graines	404	10.4	68.6	8.1	produits céréaliers
Petit pain grillé suédois aux fruits	386	8.8	73.8	4.9	produits céréaliers
Petit pain grillé suédois brioché	421	9.4	69.4	10.6	produits céréaliers
Petit pot fruit avec banane pour bébé	56.6	0.6	12.1	0	aliments infantiles
Petit pot fruit sans banane pour bébé	49.2	0.3	10.9	0	aliments infantiles
Petit pot légumes, avec féculent, dès 4/6 mois	41.7	1.3	6.5	0.8	aliments infantiles
Petit pot légumes, dès 4-6 mois	24	0.9	3.8	0	aliments infantiles
Petit salé ou saucisse aux lentilles, préemballé	118	8.2	8.9	4.9	entrées et plats composés
Petits pois et carottes, appertisés, égouttés	53.8	2.5	8.6	0.4	fruits, légumes, légumineuses et oléagineux
Petits pois et carottes, surgelés, crus	53	3.4	7.1	0.5	fruits, légumes, légumineuses et oléagineux
Petits pois, appertisés, égouttés	92.5	4.9	13.7	0.8	fruits, légumes, légumineuses et oléagineux
Petits pois, bouillis/cuits à l'eau	80.7	6.4	9.9	0.6	fruits, légumes, légumineuses et oléagineux
Petits pois, crus	81.2	5.4	11.4	0.4	fruits, légumes, légumineuses et oléagineux
Petits pois, cuits	61.4	5.8	4.7	0.9	fruits, légumes, légumineuses et oléagineux
Petits pois, purée	86	4.8	8	2.8	fruits, légumes, légumineuses et oléagineux
Petits pois, surgelés, crus	77.9	5.9	9.5	0.4	fruits, légumes, légumineuses et oléagineux
Petits pois, surgelés, cuits	65.8	5.2	8	0.3	fruits, légumes, légumineuses et oléagineux
Picodon (fromage de chèvre)	313	19.9	1	25.6	produits laitiers
Pied de porc demi-sel	137	11.6	0	10	viandes, oeufs, poissons
Pigeon, viande crue	213	18	0	15.7	viandes, oeufs, poissons
Pigeon, viande rôtie/cuite au four	213	23.9	0	13	viandes, oeufs, poissons
Pignon de pin	712	13.7	2.9	68.4	fruits, légumes, légumineuses et oléagineux
Pilchard, sauce tomate, appertisé, égoutté	157	13	1.5	11	viandes, oeufs, poissons
Piment, cru	37.4	1.9	5.8	0.4	fruits, légumes, légumineuses et oléagineux
Pintade, cuisse crue	118	22.8	0.2	2.9	viandes, oeufs, poissons
Pintade, poitrine crue	107	25.1	0	0.7	viandes, oeufs, poissons
Pintade, viande crue	128	22	0	4.5	viandes, oeufs, poissons
Piperade basquaise, préemballée	67.8	1.1	5.4	3.8	entrées et plats composés
Pissaladière, préemballée	265	4.8	26.3	15.1	entrées et plats composés
Pissenlit, cru	48.5	2.7	6.1	0.7	fruits, légumes, légumineuses et oléagineux
Pistache, grillée, salée	617	18.9	15.9	49.5	fruits, légumes, légumineuses et oléagineux
Pistache, grillée, sans sel ajouté	631	18.4	14.9	51.6	fruits, légumes, légumineuses et oléagineux
Pizza (aliment moyen)	234	10	27.4	8.9	entrées et plats composés
Pizza au chorizo ou salami, préemballée	236	9.9	24.7	10.4	entrées et plats composés
Pizza au chèvre et lardons, préemballée	253	10.3	26.5	11.5	entrées et plats composés
Pizza au chèvre, préemballée	241	9.9	27.1	9.9	entrées et plats composés
Pizza au fromage ou pizza margherita, préemballée	224	8.6	29.6	7.4	entrées et plats composés
Pizza au poulet, préemballée	211	9.9	28.2	6.1	entrées et plats composés
Pizza au saumon, préemballée	232	9.3	26	9.7	entrées et plats composés
Pizza au speck ou jambon cru, préemballée	234	10.9	27.4	8.5	entrées et plats composés
Pizza au thon, préemballée	235	10.2	23.7	10.6	entrées et plats composés
Pizza aux fromages, préemballée	269	11.2	30.5	10.7	entrées et plats composés
Pizza aux fruits de mer, préemballée	215	9.7	25.2	8	entrées et plats composés
Pizza aux lardons, oignons et fromage, préemballée	236	8.2	28.3	9.6	entrées et plats composés
Pizza aux légumes ou pizza 4 saisons, préemballée	206	7.6	25.1	7.8	entrées et plats composés
Pizza champignons fromage, préemballée	213	8	24.2	8.9	entrées et plats composés
Pizza jambon fromage champignons ou pizza royale, reine ou regina, préemballée	208	9.5	25.9	6.9	entrées et plats composés
Pizza jambon fromage, préemballée	228	10.7	26.2	8.5	entrées et plats composés
Pizza kebab, préemballée	211	9.4	26.6	7	entrées et plats composés
Pizza type raclette ou tartiflette, préemballée	246	9.7	27.3	10.4	entrées et plats composés
Pizza à la viande, type bolognaise, préemballée	214	9.7	27	7	entrées et plats composés
Plat légumes, avec féculent et lait/crème, dès 12 mois	71.6	2.9	8.5	2.3	aliments infantiles
Plat légumes, avec féculent et lait/crème, dès 18 mois	70.3	2.6	8.6	2.4	aliments infantiles
Plat légumes, avec féculent et lait/crème, dès 6/8 mois	70.2	2.4	9.1	2.3	aliments infantiles
Plat légumes, avec féculent et lait/crème, dès 8/12 mois	77.5	2.1	8.1	3.5	aliments infantiles
Plat légumes, avec féculent et viande/poisson, dès 12 mois	75.7	2.5	8.9	2.9	aliments infantiles
Plat légumes, avec féculent et viande/poisson, dès 18 mois	66.7	2.8	9	1.8	aliments infantiles
Plat légumes, avec féculent et viande/poisson, dès 6/8 mois	59	3.6	5.9	1.6	aliments infantiles
Plat légumes, avec féculent et viande/poisson, dès 8/12 mois	54.6	2.8	6.8	1.3	aliments infantiles
Plat légumes, avec féculent, dès 6-8 mois	42.9	1.2	6.9	0.7	aliments infantiles
Poire au sirop léger, appertisée, non égouttée	62.6	0.3	14.5	0.1	fruits, légumes, légumineuses et oléagineux
Poire au sirop léger, appertisée, égouttée	63.9	0.2	13.9	0.4	fruits, légumes, légumineuses et oléagineux
Poire belle Hélène	196	2.7	23.5	9.6	glaces et sorbets
Poire Conférence, chair sans peau, crue	49.1	0.2	11.4	0	fruits, légumes, légumineuses et oléagineux
Poire Williams, chair sans peau, crue	50.2	0.2	11.5	0	fruits, légumes, légumineuses et oléagineux
Poire, chair et peau, crue	56.6	0.4	12.3	0.3	fruits, légumes, légumineuses et oléagineux
Poire, chair, crue (aliment moyen)	49.7	0.2	11.4	0	fruits, légumes, légumineuses et oléagineux
Poireau, bouilli/cuit à l'eau	24.7	2.6	2.2	0	fruits, légumes, légumineuses et oléagineux
Poireau, cru	30.4	1.5	4.5	0.3	fruits, légumes, légumineuses et oléagineux
Poireau, surgelé, cru	26.6	1.5	3.4	0.3	fruits, légumes, légumineuses et oléagineux
Pois cassé, bouilli/cuit à l'eau	129	8.6	16.3	1.5	fruits, légumes, légumineuses et oléagineux
Pois cassé, sec	347	23.8	47.5	1.2	fruits, légumes, légumineuses et oléagineux
Pois chiche, appertisé, égoutté	122	6.7	15	2.7	fruits, légumes, légumineuses et oléagineux
Pois chiche, bouilli/cuit à l'eau	148	8.3	17.7	3	fruits, légumes, légumineuses et oléagineux
Pois chiche, sec	350	20.5	47.5	6	fruits, légumes, légumineuses et oléagineux
Pois d'Angole vert, frais, cru	129	7.2	18.8	1.6	fruits, légumes, légumineuses et oléagineux
Pois mange-tout ou pois gourmand, bouilli/cuit à l'eau	30.9	2.2	3.4	0.3	fruits, légumes, légumineuses et oléagineux
Pois mange-tout ou pois gourmand, cru	43	2.8	6.2	0.2	fruits, légumes, légumineuses et oléagineux
Pois mange-tout ou pois gourmands, cuits	47.3	3.5	5.9	0.4	fruits, légumes, légumineuses et oléagineux
Poisson blanc en sauce, préemballé (aliment moyen)	147	13.2	4.7	8.1	entrées et plats composés
Poisson blanc sauce oseille, préemballé	111	11.8	3	5.5	entrées et plats composés
Poisson blanc à l'estragon, préemballé	77.2	8.8	4.2	2.8	entrées et plats composés
Poisson blanc à la bordelaise (chapelure, huile…), préemballé	176	14.8	5.3	10.4	entrées et plats composés
Poisson blanc à la florentine (sauce aux épinards), préemballé	96	12	2	4	entrées et plats composés
Poisson blanc à la marinière (sauce aux oignons, vin blanc, moules), préemballé	80	11.5	2.2	2.8	entrées et plats composés
Poisson blanc à la parisienne (sauce aux champignons), préemballé	81.5	9	3	3.5	entrées et plats composés
Poisson blanc à la provençale ou niçoise (sauce tomate), préemballé	73.4	9.3	3.1	2.3	entrées et plats composés
Poisson blanc à la sauce moutarde, préemballé	90.8	9.2	5.4	3.6	entrées et plats composés
Poisson blanc, cuit (aliment moyen)	114	22	0.3	2.7	entrées et plats composés
Poisson cuit (aliment moyen)	142	22.5	0.3	5.6	entrées et plats composés
Poisson pané, frit	194	11.9	13.5	10	viandes, oeufs, poissons
Poisson pané, surgelé, cru	163	11	15.6	6.1	viandes, oeufs, poissons
Poitrine de porc demi-sel	270	16.8	1.3	22	viandes, oeufs, poissons
Poitrine de porc en salaison, fumée, crue	303	15.6	0.8	26.1	viandes, oeufs, poissons
Poitrine de porc en salaison, nature, crue	288	15.7	0.8	24.7	viandes, oeufs, poissons
Poivre blanc, poudre	313	12.1	48.3	2.1	aides culinaires et ingrédients divers
Poivre de Cayenne ou piment de Cayenne, poudre	376	12	29.4	17.3	aides culinaires et ingrédients divers
Poivre noir, poudre	331	13.3	39.9	7.5	aides culinaires et ingrédients divers
Poivron jaune, cru	29.4	0.9	4.7	0.3	fruits, légumes, légumineuses et oléagineux
Poivron jaune, sauté/poêlé	34.5	1	5.3	0.6	fruits, légumes, légumineuses et oléagineux
Poivron rouge, appertisé, égoutté	26.3	1	4.5	0.2	fruits, légumes, légumineuses et oléagineux
Poivron rouge, cru	33.6	1.1	6	0	fruits, légumes, légumineuses et oléagineux
Poivron rouge, cuit	37.9	1.2	6.4	0.3	fruits, légumes, légumineuses et oléagineux
Poivron rouge, sauté/poêlé	33	0.9	6.5	0	fruits, légumes, légumineuses et oléagineux
Poivron vert, cru	22.5	0.8	3.4	0	fruits, légumes, légumineuses et oléagineux
Poivron vert, cuit	17.3	0.9	2.4	0.2	fruits, légumes, légumineuses et oléagineux
Poivron vert, sauté/poêlé	27.3	1.2	3.5	0.3	fruits, légumes, légumineuses et oléagineux
Poivron, vert, jaune ou rouge, cru	22.6	0.8	3.5	0.3	fruits, légumes, légumineuses et oléagineux
Poivron, vert, jaune ou rouge, cuit (aliment moyen)	33	1.1	5.4	0.3	fruits, légumes, légumineuses et oléagineux
Polenta ou semoule de maïs, cuite, sans sel ajouté	76.1	1.4	16.9	0	produits céréaliers
Polenta ou semoule de maïs, précuite, à cuire	350	7.9	74	1.8	produits céréaliers
Pollen, frais	304	17.5	42.3	5.2	aides culinaires et ingrédients divers
Pollen, partiellement séché	358	21.9	52.5	4.2	aides culinaires et ingrédients divers
Pomelo (dit Pamplemousse), chair sans peau, sans pépins, cru	33.5	0.8	5.9	0	fruits, légumes, légumineuses et oléagineux
Pomme Canada, chair sans peau, crue	51.1	0.4	11.6	0.1	fruits, légumes, légumineuses et oléagineux
Pomme Chantecler, chair sans peau, crue	47.2	0.2	11.2	0	fruits, légumes, légumineuses et oléagineux
Pomme de terre dauphine, surgelée, cuite	302	4.5	30.2	17.7	fruits, légumes, légumineuses et oléagineux
Pomme de terre dauphine, surgelée, à cuire	242	4.2	19.7	15.7	fruits, légumes, légumineuses et oléagineux
Pomme de terre de conservation, sans peau, bouillie/cuite à l'eau	72.6	1.8	15.4	0	fruits, légumes, légumineuses et oléagineux
Pomme de terre duchesse, surgelée, cuite	218	3.4	29.6	8.5	fruits, légumes, légumineuses et oléagineux
Pomme de terre duchesse, surgelée, à cuire	157	2.4	21.4	6.3	fruits, légumes, légumineuses et oléagineux
Pomme de terre grenaille, préfrite, surgelée, à cuire	133	2.4	17.9	5.3	fruits, légumes, légumineuses et oléagineux
Pomme de terre noisette, surgelée, cuite	191	2.8	28.4	6.6	fruits, légumes, légumineuses et oléagineux
Pomme de terre noisette, surgelée, à cuire	179	2.4	25.3	7	fruits, légumes, légumineuses et oléagineux
Pomme de terre nouvelle ou primeur, bouillie/cuite à l'eau	71.6	1.4	15	0.3	fruits, légumes, légumineuses et oléagineux
Pomme de terre nouvelle ou primeur, bouillie/cuite à l'eau, sans peau	71.1	1.8	14.9	0	fruits, légumes, légumineuses et oléagineux
Pomme de terre nouvelle ou primeur, crue	76.4	1.9	15.8	0.3	fruits, légumes, légumineuses et oléagineux
Pomme de terre poêlée, avec matière grasse	137	2.5	17.3	5.7	fruits, légumes, légumineuses et oléagineux
Pomme de terre sautée/poêlée/rissolée à la graisse de canard	200	2.4	20.8	11.4	fruits, légumes, légumineuses et oléagineux
Pomme de terre sautée/poêlée/rissolée, préfrite, surgelée, cuite	156	2.8	23	4.8	fruits, légumes, légumineuses et oléagineux
Pomme de terre sautée/poêlée/rissolée, préfrite, surgelée, à cuire	137	2.4	20.4	4.5	fruits, légumes, légumineuses et oléagineux
Pomme de terre vapeur, sous vide	76	1.8	15.8	0.2	fruits, légumes, légumineuses et oléagineux
Pomme de terre, appertisée, égouttée	57.2	1.6	10.7	0.4	fruits, légumes, légumineuses et oléagineux
Pomme de terre, bouillie/cuite à l'eau	81	1.8	16.8	0.3	fruits, légumes, légumineuses et oléagineux
Pomme de terre, cuite (aliment moyen)	94.9	2	17.2	1.6	fruits, légumes, légumineuses et oléagineux
Pomme de terre, rôtie/cuite au four	91.4	2.5	19	0.1	fruits, légumes, légumineuses et oléagineux
Pomme de terre, sans peau, crue	80	2	16.2	0.1	fruits, légumes, légumineuses et oléagineux
Pomme de terre, sans peau, rôtie/cuite au four	91.9	2	20.1	0.1	fruits, légumes, légumineuses et oléagineux
Pomme Gala, chair sans peau, crue	51.6	0.2	11.9	0	fruits, légumes, légumineuses et oléagineux
Pomme Golden, chair et peau, crue	54.1	0.2	12.8	0	fruits, légumes, légumineuses et oléagineux
Pomme Golden, chair sans peau, crue	50.4	0.2	11.7	0	fruits, légumes, légumineuses et oléagineux
Pomme Granny Smith, chair et peau, crue	48.6	0.2	10.7	0	fruits, légumes, légumineuses et oléagineux
Pomme Granny Smith, chair sans peau, crue	51	0.2	11.4	0	fruits, légumes, légumineuses et oléagineux
Pomme Pink lady, chair sans peau, crue	57.3	0.2	12.8	0	fruits, légumes, légumineuses et oléagineux
Pomme, chair et peau, crue	54	0.2	11.6	0.2	fruits, légumes, légumineuses et oléagineux
Pomme, chair sans peau, bouillie/cuite à l'eau	54	0.3	11.2	0.4	fruits, légumes, légumineuses et oléagineux
Pomme, chair sans peau, crue (aliment moyen)	51.3	0.3	11.9	0.2	fruits, légumes, légumineuses et oléagineux
Pomme, chair sans peau, rôtie/cuite au four	52.7	0.2	12.9	0	fruits, légumes, légumineuses et oléagineux
Pomme, sèche	247	0.9	55	0.3	fruits, légumes, légumineuses et oléagineux
Pont l'Évêque	326	22.7	0	26.2	produits laitiers
Pop-corn ou maïs éclaté, au caramel	421	6.5	73.2	9.8	produits céréaliers
Pop-corn ou maïs éclaté, sans huile, non salé	419	11	59.7	12.3	produits céréaliers
Pop-corn ou maïs éclaté, à l'huile, salé	477	8.3	50.2	24.6	produits céréaliers
Porc au caramel, préemballé	136	10	11.4	5.4	entrées et plats composés
Porc, bardière découennée crue	744	4.5	0.1	80.6	viandes, oeufs, poissons
Porc, carré cru	146	22.7	0.4	5.9	viandes, oeufs, poissons
Porc, carré cuit	206	34.1	0.6	7.5	viandes, oeufs, poissons
Porc, côte crue	164	19.8	0.4	9.3	viandes, oeufs, poissons
Porc, côte grillée/poêlée	211	29.6	0	10.3	viandes, oeufs, poissons
Porc, escalope de jambon crue	129	21.5	0	4.8	viandes, oeufs, poissons
Porc, escalope de jambon cuite	200	36	0	6.2	viandes, oeufs, poissons
Porc, filet maigre, en rôti, cuit	198	28.3	0	9.4	viandes, oeufs, poissons
Porc, filet mignon cru	123	21.2	0.4	4.1	viandes, oeufs, poissons
Porc, filet mignon cuit	168	26.1	0	7.1	viandes, oeufs, poissons
Porc, gorge découennée crue	475	11.6	0.1	47.5	viandes, oeufs, poissons
Porc, hachage sans jarret, sans bateau, découenné, dégraissé, désossé, cru	187	18.9	0.2	12.3	viandes, oeufs, poissons
Porc, jambon sans jarret, sans bateau, découenné, dégraissé, désossé, cru	141	20.9	0.3	6.3	viandes, oeufs, poissons
Porc, jambonneau arrière, découenné, dégraisssé, désossé, cru	148	20.2	0.3	7.3	viandes, oeufs, poissons
Porc, maigre 80/20 cru	293	17.3	0.3	24.7	viandes, oeufs, poissons
Porc, maigre 90/10 cru	212	18.8	0.2	15.1	viandes, oeufs, poissons
Porc, palette crue	208	24.8	0	12.1	viandes, oeufs, poissons
Porc, palette, découennée, dégraissée, désossée, crue	174	19.9	0.2	10.4	viandes, oeufs, poissons
Porc, poitrine crue	253	17	0	20.5	viandes, oeufs, poissons
Porc, poitrine cutter, sans mouille, crue	323	15.9	0.2	28.7	viandes, oeufs, poissons
Porc, rouelle de jambon crue	149	20.2	0	7.6	viandes, oeufs, poissons
Porc, rouelle de jambon cuite	266	36.9	0	13.1	viandes, oeufs, poissons
Porc, rôti cru	153	22.3	0.5	6.9	viandes, oeufs, poissons
Porc, rôti cuit	163	30.5	0.7	4.3	viandes, oeufs, poissons
Porc, rôti filet avec chaînette, cru	146	22.3	0.4	6.2	viandes, oeufs, poissons
Porc, travers braisé	332	23.1	0	26.6	viandes, oeufs, poissons
Porc, travers cru	237	18	0.6	18	viandes, oeufs, poissons
Porc, viande, cuite (aliment moyen)	207	29.4	0.2	9.9	viandes, oeufs, poissons
Porc, échine crue	238	17.1	0.1	18.8	viandes, oeufs, poissons
Porc, échine rôtie/cuite au four	295	26.2	0	21.2	viandes, oeufs, poissons
Porc, épaule crue	178	18.9	0.4	11.2	viandes, oeufs, poissons
Porc, épaule cuite	253	30	0	14.8	viandes, oeufs, poissons
Pot-au-feu, préemballé	77.5	10.9	3.2	2	entrées et plats composés
Potatoes ou wedges ou quartiers de pommes de terre épicés, surgelées, cuites	175	3.2	25.3	5.8	fruits, légumes, légumineuses et oléagineux
Potatoes ou wedges ou quartiers de pommes de terre épicés, surgelées, à cuire	141	2.5	20.3	5	fruits, légumes, légumineuses et oléagineux
Potimarron, chair sans peau, bouilli/cuit à l'eau	38.6	1.1	6.9	0.3	fruits, légumes, légumineuses et oléagineux
Potimarron, chair sans peau, cru	22.1	0.9	3.1	0.3	fruits, légumes, légumineuses et oléagineux
Potimarron, chair sans peau, cuit (aliment moyen)	38.6	1.1	6.9	0.3	fruits, légumes, légumineuses et oléagineux
Potimarron, chair sans peau, cuit à l'étouffée	44.2	1.3	7	0.5	fruits, légumes, légumineuses et oléagineux
Potiron, cru	20.1	1.1	3.5	0.1	fruits, légumes, légumineuses et oléagineux
Potiron, cuit	26.1	0.8	4.5	0.1	fruits, légumes, légumineuses et oléagineux
Potiron, rôti/cuit au four	28.2	0.2	5.7	0	fruits, légumes, légumineuses et oléagineux
Potée auvergnate (chou et porc)	115	7.3	4.8	6.9	entrées et plats composés
Poudre cacaotée ou au chocolat pour boisson, sucrée	379	6.7	75.6	3.3	eaux et autres boissons
Poudre cacaotée ou au chocolat pour boisson, sucrée, enrichie en vitamines	386	4.3	85	2	eaux et autres boissons
Poudre cacaotée ou au chocolat pour boisson, sucrée, enrichie en vitamines et minéraux	376	4.7	79.3	3	eaux et autres boissons
Poudre cacaotée pour bébé	396	8.5	85	1.9	aliments infantiles
Poule, cuisse crue	131	19.6	0	5.9	viandes, oeufs, poissons
Poule, viande crue	142	21.3	0	6.3	viandes, oeufs, poissons
Poule, viande et peau crues	255	17.6	0.4	20.3	viandes, oeufs, poissons
Poulet au curry et au lait de coco, préemballé	125	10.6	4.1	6.9	entrées et plats composés
Poulet basquaise, préemballé	107	9.3	2.5	6.4	entrées et plats composés
Poulet blanc, viande et peau crues	122	20.8	0	4.3	viandes, oeufs, poissons
Poulet fermier, viande et peau crues	120	22	0	3.5	viandes, oeufs, poissons
Poulet éviscéré sans abats, cru	210	18.6	0	15.1	viandes, oeufs, poissons
Poulet, aile, viande et peau crues	181	20.4	0	11	viandes, oeufs, poissons
Poulet, aile, viande et peau rôties/cuites au four	247	23.8	0	16.9	viandes, oeufs, poissons
Poulet, cuisse, viande bouillie/cuite à l'eau	188	24.8	0.7	9.5	viandes, oeufs, poissons
Poulet, cuisse, viande crue	114	19.3	0	4	viandes, oeufs, poissons
Poulet, cuisse, viande et peau bouillie/cuite à l'eau	187	26.1	0	9.1	viandes, oeufs, poissons
Poulet, cuisse, viande et peau crue	192	17.3	0	13.5	viandes, oeufs, poissons
Poulet, cuisse, viande et peau crues bio	193	18.1	0	13.3	viandes, oeufs, poissons
Poulet, cuisse, viande et peau crues label rouge	173	19.1	0	10.6	viandes, oeufs, poissons
Poulet, cuisse, viande et peau rôtie/cuite au four	205	25.9	0	11.3	viandes, oeufs, poissons
Poulet, cuisse, viande rôtie/cuite au four	171	24.8	0	8	viandes, oeufs, poissons
Poulet, filet sans peau cru	110	23.4	0	1.5	viandes, oeufs, poissons
Poulet, filet sans peau cru, bio	118	24.6	0	1.8	viandes, oeufs, poissons
Poulet, filet sans peau cru, label rouge	113	25.2	0	1	viandes, oeufs, poissons
Poulet, filet sans peau grillé/poêlé	141	30.1	0	2	viandes, oeufs, poissons
Poulet, filet sans peau grillé/poêlé, bio	144	31.1	0	1.8	viandes, oeufs, poissons
Poulet, haut de cuisse, viande crue	116	19.7	0	4.1	viandes, oeufs, poissons
Poulet, manchons marinés, préemballés, rôtis/cuits au four	213	22.4	2.1	12.6	entrées et plats composés
Poulet, pilon cru	155	18.1	0	9.2	viandes, oeufs, poissons
Poulet, poitrine, viande et peau crues	167	20.9	0	9.2	viandes, oeufs, poissons
Poulet, poitrine, viande et peau rôties/cuites au four	189	29.8	0	7.8	viandes, oeufs, poissons
Poulet, viande crue	109	20.9	0	2.9	viandes, oeufs, poissons
Poulet, viande et peau crues	173	21.5	0.3	9.5	viandes, oeufs, poissons
Poulet, viande et peau rôties/cuites au four	204	28.9	0	9.9	viandes, oeufs, poissons
Pouligny Saint-Pierre (fromage de chèvre)	286	17.6	1.4	23.5	produits laitiers
Poulpe, cru	60.1	12.9	1	0.5	viandes, oeufs, poissons
Poulpe, cuit	156	29.8	4.4	2.1	viandes, oeufs, poissons
Poêlée de légumes assaisonnés aux champignons ("champêtre"), surgelée	31.5	1.5	4	0.5	entrées et plats composés
Poêlée de légumes assaisonnés grillée, méridionale ou méditerranéenne, surgelée, crue	48	1.6	4.3	1.8	entrées et plats composés
Poêlée de légumes assaisonnés sans champignon, surgelée, crue	50.4	2.6	5	1.5	entrées et plats composés
Poêlée de légumes assaisonnés à l'asiatiques ou wok de légumes, surgelée, crue	73.5	1.8	4	5	entrées et plats composés
Poêlée de pommes de terre préfrites, lardons ou poulet, et autres, sans légumes verts, préemballée	171	3.2	17	9.6	entrées et plats composés
Poêlée de pommes de terre à la sarladaise (graisse de canard, ail et persil), surgelée, à cuire	203	2.3	20.9	11.6	fruits, légumes, légumineuses et oléagineux
Praline	483	8.7	67.7	19.7	produits sucrés
Printanière ou jardinière de légumes, surgelée, crue (petits pois, pommes de terre, haricots verts, carottes, oignon)	51.3	2.4	8.5	0.1	fruits, légumes, légumineuses et oléagineux
Profiterole avec glace vanille et sauce chocolat	286	5.4	31.4	14.9	glaces et sorbets
Profiteroles (crème pâtissière et sauce chocolat), rayon frais	251	5.1	31.1	11.4	produits laitiers
Protéine de soja texturée, réhydratée	150	18.6	7	2.9	aides culinaires et ingrédients divers
Provolone	340	25.6	0	26.6	produits laitiers
Prune mirabelle, sans noyau, crue	74.6	0.6	18	0	fruits, légumes, légumineuses et oléagineux
Prune Reine-Claude, sans noyau, crue	69	0.9	16.4	0	fruits, légumes, légumineuses et oléagineux
Prune violette, sans noyau, crue	46.4	0.8	9.6	0.1	fruits, légumes, légumineuses et oléagineux
Prune, sans noyau, crue	51.6	0.7	9.9	0.3	fruits, légumes, légumineuses et oléagineux
Pruneau, sans noyau, sec	229	1.6	55.4	0.4	fruits, légumes, légumineuses et oléagineux
Préparation aux fruits divers (35% de fruits min, sucres et autre(s) ingrédient(s))	204	0.8	47.4	0.8	produits sucrés
Préparation culinaire à base de soja, type "crème de soja"	152	3.2	2	14.7	aides culinaires et ingrédients divers
Préparation de fruits divers (en taux de sucres : confitures allégées en sucres < préparations de fruits < confitures)	195	0.5	47.3	0.2	produits sucrés
Préparation à base de fromage(s) pour fondue savoyarde, préemballée	237	14.9	3.4	17.1	entrées et plats composés
Purée de fruits, tout type de fruits, type "compote sans sucres ajoutés", préemballée, rayon frais	58.7	0.4	12.7	0.3	fruits, légumes, légumineuses et oléagineux
Purée de fruits, tout type de fruits, type "compote sans sucres ajoutés", rayon ambiant	56.4	0.2	13.3	0	fruits, légumes, légumineuses et oléagineux
Purée de fruits, tout type de fruits, type "compote sans sucres ajoutés", sans précision sur le rayon (aliment moyen)	56.4	0.2	13.3	0.1	fruits, légumes, légumineuses et oléagineux
Purée de marrons, appertisée	102	2.3	22.8		fruits, légumes, légumineuses et oléagineux
Purée de pomme de terre (aliment moyen)	96.8	2.1	13	3.7	fruits, légumes, légumineuses et oléagineux
Purée de pomme de terre, avec lait et beurre, salée	117	2	11.3	6.7	fruits, légumes, légumineuses et oléagineux
Purée de pomme de terre, avec lait et beurre, sans sel ajouté	94.8	1.9	15.7	2.4	fruits, légumes, légumineuses et oléagineux
Purée de pomme de terre, à base de flocons, reconstituée avec lait demi-écrémé et eau, non salée	68.5	2.6	12.4	0.5	fruits, légumes, légumineuses et oléagineux
Purée de pomme de terre, à base de flocons, reconstituée avec lait entier et matière grasse	107	1.9	12.6	5.2	fruits, légumes, légumineuses et oléagineux
Purée de pommes, type "compote sans sucres ajoutés", rayon ambiant	56.4	1.1	11.6	0.3	fruits, légumes, légumineuses et oléagineux
Pâte brisée, matière grasse végétale, préemballée, crue	392	5.2	42.7	21.7	produits céréaliers
Pâte brisée, matière grasse végétale, préemballée, cuite	473	7.5	46.4	26.4	produits céréaliers
Pâte brisée, préemballée, cuite (aliment moyen)	473	7.5	46.4	26.4	produits céréaliers
Pâte brisée, pur beurre, préemballée, crue	390	5.9	45	20	produits céréaliers
Pâte brisée, pur beurre, préemballée, cuite	497	7.6	61.1	23.9	produits céréaliers
Pâte brisée, pur beurre, surgelée, préemballée, crue	387	5.7	43.3	20.7	produits céréaliers
Pâte d'amande, préemballée	432	5.8	70.3	13.5	produits sucrés
Pâte de fruits	336	1.7	76.6	1.8	produits sucrés
Pâte feuilletée, matière grasse végétale, crue	385	5.8	41	21.4	produits céréaliers
Pâte feuilletée, pur beurre, préemballée, crue	370	5.5	40	20	produits céréaliers
Pâte feuilletée, pur beurre, préemballée, cuite	560	5.7	42	40.5	produits céréaliers
Pâte feuilletée, pur beurre, surgelée, préemballée, crue	398	5	35.3	25.8	produits céréaliers
Pâte phyllo ou pâte filo, crue	289	7.1	50.7	6	produits céréaliers
Pâte sablée, préemballée, crue	419	5.3	50	21.8	produits céréaliers
Pâte sablée, préemballée, cuite	504	5.7	64.3	24.6	produits céréaliers
Pâte sablée, pur beurre, préemballée, crue	383	6	53.6	15.8	produits céréaliers
Pâte sablée, pur beurre, préemballée, cuite	469	6.2	63	20.9	produits céréaliers
Pâte sablée, pur beurre, surgelée, préemballée, crue	423	4.9	60.9	17.5	produits céréaliers
Pâte à pizza fine, préemballée, crue	285	7.6	47.4	6.6	produits céréaliers
Pâte à pizza, préemballée, crue	240	7	44.2	3.5	produits céréaliers
Pâte à pizza, préemballée, cuite	321	7.8	54.6	7.1	produits céréaliers
Pâte à tartiner chocolat et noisette	549	5	57.9	32.4	produits sucrés
Pâtes en sauce aux fromages (spaghetti, tagliatelles…), préemballées	163	7.2	15.9	7.4	entrées et plats composés
Pâtes fraîches farcies (ex : raviolis, tortellinis), au boeuf (ex : bolognaise), préemballées, crues	265	11.4	40.3	5.8	entrées et plats composés
Pâtes fraîches farcies (ex : raviolis, tortellinis), au boeuf (ex : bolognaise), préemballées, cuites	174	6.9	25.1	4.7	entrées et plats composés
Pâtes fraîches farcies (ex : raviolis, tortellinis), au fromage et aux légumes, préemballées, crues	262	10	41.4	5.7	entrées et plats composés
Pâtes fraîches farcies (ex : raviolis, tortellinis), au fromage et aux légumes, préemballées, cuites	219	7.9	27.8	7.5	entrées et plats composés
Pâtes fraîches farcies (ex : raviolis, tortellinis), aux légumes, préemballées, crues	255	9.4	41.4	5.1	entrées et plats composés
Pâtes fraîches farcies (ex : raviolis, tortellinis), aux légumes, préemballées, cuites	156	5.2	20.9	4.9	entrées et plats composés
Pâtes fraîches farcies (ex : raviolis, tortellinis), cuites (aliment moyen)	198	8	25.6	6.5	entrées et plats composés
Pâtes fraîches farcies (ex : raviolis, tortellinis, ravioles du Dauphiné), au fromage, préemballées, crues	268	11.3	37.3	7.7	entrées et plats composés
Pâtes fraîches farcies (ex : raviolis, tortellinis, ravioles du Dauphiné), au fromage, préemballées, cuites	226	10	26.8	8.3	entrées et plats composés
Pâtes fraîches, aux oeufs, crues	283	10.1	53.8	1.9	produits céréaliers
Pâtes fraîches, aux oeufs, cuites, sans sel ajouté	168	5.8	32	1.3	produits céréaliers
Pâtes ou nouilles asiatiques sèches, au blé et aux oeufs, nature, crues	371	11.9	71	3	produits céréaliers
Pâtes sèches, au blé complet, crues	353	11.8	67.6	2.2	produits céréaliers
Pâtes sèches, au blé complet, cuites, sans sel ajouté	179	7.3	31.3	1.4	produits céréaliers
Pâtes sèches, aux oeufs, crues	381	14	68	4.7	produits céréaliers
Pâtes sèches, aux oeufs, cuites, sans sel ajouté	134	4.6	23	2	produits céréaliers
Pâtes sèches, sans gluten (à base de lentilles corail), cuites, sans sel ajouté	168	11.7	25.1	0.8	produits céréaliers
Pâtes sèches, sans gluten (à base de riz et maïs), cuites, sans sel ajouté	170	3.1	36.6	0.8	produits céréaliers
Pâtes sèches, sans gluten, crues	358	6.1	79	1.5	produits céréaliers
Pâtes sèches, sans gluten, cuites, sans sel ajouté	163	3.1	34.4	1.1	produits céréaliers
Pâtes sèches, semi-complètes, cuites, sans sel ajouté	173	5.7	31.8	1.2	produits céréaliers
Pâtes sèches, standard, crues	364	12	72.7	1.6	produits céréaliers
Pâtes sèches, standard, cuites, sans sel ajouté	167	6.1	31.4	1.1	produits céréaliers
Pâtes à la bolognaise (spaghetti, tagliatelles…), préemballées	116	5.3	13.6	4.1	entrées et plats composés
Pâtes à la carbonara (spaghetti, tagliatelles…), préemballées	161	5.9	14.2	8.7	entrées et plats composés
Pâtisserie (aliment moyen)	279	4.1	35.5	12.9	produits sucrés
Pâté (aliment moyen)	325	14.6	1.9	28.7	viandes, oeufs, poissons
Pâté au jambon	302	14.7	1	26.5	viandes, oeufs, poissons
Pâté au poivre vert	358	10.1	1.4	34.6	viandes, oeufs, poissons
Pâté breton	363	11	2.9	34	viandes, oeufs, poissons
Pâté de foie d'oie	459	11.4	4.7	43.8	viandes, oeufs, poissons
Pâté de foie de porc	355	10.8	2.9	33.3	viandes, oeufs, poissons
Pâté de foie de porc, supérieur	358	13	6.5	31	viandes, oeufs, poissons
Pâté de foie de volaille	316	13.7	1.2	28.3	viandes, oeufs, poissons
Pâté de gibier	293	14.2	3.3	24.7	viandes, oeufs, poissons
Pâté de lapin	286	14.7	1.7	24.5	viandes, oeufs, poissons
Pâté en croûte	303	10	21.7	19.3	viandes, oeufs, poissons
Pâté ou terrine aux champignons (forestier)	328	12.6	5.9	28.1	viandes, oeufs, poissons
Pâté ou terrine de campagne	323	15.5	1.5	28.2	viandes, oeufs, poissons
Pâté ou terrine de campagne, à teneur réduite en sel	324	13.8	4.2	27.9	viandes, oeufs, poissons
Pélardon (fromage de chèvre)	343	23.8	0	27.8	produits laitiers
Pétales de céréales au chocolat, avec ou sans fruits à coque, enrichis en vitamines et minéraux	399	8	74.5	6.3	produits sucrés
Pétales de céréales au chocolat, avec ou sans fruits à coque, non enrichis en vitamines et minéraux	413	7.6	73.6	8.4	produits sucrés
Pétales de céréales aux fruits à coque, enrichis en vitamines et minéraux	392	8.2	73.5	5.5	produits sucrés
Pétales de céréales aux fruits, enrichis en vitamines et minéraux	377	8.1	80.6	1.6	produits sucrés
Pétales de céréales aux fruits, non enrichis en vitamines et minéraux	378	8.4	79.7	1.6	produits sucrés
Pétales de céréales, nature, sans sucres ajoutés, non enrichies en vitamines et minéraux	369	12.2	70.2	2.8	produits sucrés
Pétales de céréales, nature, sucrées, enrichies en vitamines et minéraux	372	8.5	77.7	1.5	produits sucrés
Pétales de céréales, nature, sucrées, non enrichies en vitamines et minéraux	377	8	80.1	1.5	produits sucrés
Pétales de maïs glacés au sucre, enrichis en vitamines et minéraux	381	4.2	88.6	0.5	produits sucrés
Pétales de maïs glacés au sucre, non enrichis en vitamines et minéraux	381	6.2	85.4	1	produits sucrés
Pétales de maïs nature, enrichis en vitamines et minéraux	368	6.9	80	1	produits sucrés
Pétales de maïs nature, non enrichis en vitamines et minéraux	372	6.9	82.4	0.7	produits sucrés
Pétillant de fruits	65.7	0	7	0	eaux et autres boissons
Pétoncle ou peigne du Pérou, noix, crue	88.7	17.5	3.1	0.7	viandes, oeufs, poissons
Pêche blanche, chair et peau, sans noyau, crue	44.3	0.7	9.5	0	fruits, légumes, légumineuses et oléagineux
Pêche blanche, chair sans peau, sans noyau, crue	44.3	0.6	9.6	0	fruits, légumes, légumineuses et oléagineux
Pêche jaune, chair sans peau, sans noyau, crue	44.5	0.7	9.8	0	fruits, légumes, légumineuses et oléagineux
Pêche melba	119	2.1	18.8	3.6	glaces et sorbets
Pêche, chair et peau, sans noyau, crue	37.9	0.9	7.5	0.2	fruits, légumes, légumineuses et oléagineux
Pêche, chair et peau, sans noyau, sèche	329	5	65.4	1	fruits, légumes, légumineuses et oléagineux
Pêche, chair sans peau, sans noyau, crue (aliment moyen)	44.4	0.7	9.7	0	fruits, légumes, légumineuses et oléagineux
Pêche, sans noyau, au sirop léger, appertisée, non égouttée	60	0.3	14	0	fruits, légumes, légumineuses et oléagineux
Pêche, sans noyau, au sirop léger, appertisée, égouttée	59	0.5	13.5	0	fruits, légumes, légumineuses et oléagineux
Quatre épices, poudre	348	6.1	50.5	8.7	aides culinaires et ingrédients divers
Quatre-quarts (beurre, oeufs, sucre, farine), artisanal	440	5.9	46	25.6	produits sucrés
Quatre-quarts (beurre, oeufs, sucre, farine), préemballé	434	5.9	48.2	23.9	produits sucrés
Quenelle au tofu (ne convient pas aux véganes ou végétaliens), préemballée	133	11	5	7.2	viandes, oeufs, poissons
Quenelle de poisson en sauce, appertisée	135	3.8	10.5	8.5	viandes, oeufs, poissons
Quenelle de poisson, à cuire	245	8.1	23.6	12.7	viandes, oeufs, poissons
Quenelle de veau en sauce, appertisée	169	3.5	14.8	10.3	viandes, oeufs, poissons
Quenelle de volaille en sauce, appertisée	138	3.5	10.3	8.9	viandes, oeufs, poissons
Quenelle de volaille, à cuire	189	9.4	14.7	10.1	viandes, oeufs, poissons
Quenelle nature, à cuire	226	6.9	14.7	15.1	viandes, oeufs, poissons
Quiche lorraine, préemballée	269	8.4	21.5	16.4	entrées et plats composés
Quinoa, bouilli/cuit à l'eau, sans sel ajouté	149	4.7	27.9	1.1	produits céréaliers
Quinoa, cru	358	13.2	58.1	6.1	produits céréaliers
Raclette (fromage)	342	23.4	0	27.5	produits laitiers
Raclette (fromage) fumée	345	24.1	0.5	27.7	produits laitiers
Raclette (fromage), au poivre	350	24.5	0.5	28	produits laitiers
Raclette de Savoie (fromage)	357	24.1	0	29.1	produits laitiers
Radis noir, cru	28.2	0.9	5.5	0	fruits, légumes, légumineuses et oléagineux
Radis rouge, cru	11	0.9	1.5	0	fruits, légumes, légumineuses et oléagineux
Raie, crue	91.9	21.4	0.5	0.5	viandes, oeufs, poissons
Raie, cuite au court-bouillon	97.8	23.2	0	0.6	viandes, oeufs, poissons
Raie, rôtie/cuite au four	96.3	23	0	0.5	viandes, oeufs, poissons
Raifort, frais	73.2	5.2	7.8	0.5	aides culinaires et ingrédients divers
Raisin blanc, à gros grain (type Italia ou Dattier), cru	71.6	0.8	16.6	0	fruits, légumes, légumineuses et oléagineux
Raisin Chasselas, cru	77.8	0.8	16.9	0.5	fruits, légumes, légumineuses et oléagineux
Raisin cru (aliment moyen)	71	0.7	16.3	0.2	fruits, légumes, légumineuses et oléagineux
Raisin noir Muscat, cru	86.6	0.7	20	0	fruits, légumes, légumineuses et oléagineux
Raisin noir, cru	69.5	0.6	15.6	0.2	fruits, légumes, légumineuses et oléagineux
Raisin sec	322	3	73.2	0.9	fruits, légumes, légumineuses et oléagineux
Rascasse ou rascasse de profondeur, crue	87.6	18.9	0	1.3	viandes, oeufs, poissons
Rascasse ou rascasse de profondeur, cuite à la vapeur	126	24.6	0	3.1	viandes, oeufs, poissons
Ratatouille cuisinée, préemballée	57.1	1.2	5	3.1	entrées et plats composés
Ravioli au boeuf, sauce tomate, appertisé	95.3	4.2	12.5	2.8	entrées et plats composés
Ravioli au tofu, à la sauce tomate, préemballés	91.7	3.1	12.5	2.7	entrées et plats composés
Ravioli aux légumes, à la sauce tomate, appertisés	91.1	2.9	13.5	2.5	entrées et plats composés
Ravioli chinois à la vapeur à la crevette, cuit	172	5.5	23.2	5.5	entrées et plats composés
Reblochon	322	20.3	0	26.9	produits laitiers
Requin, cru	115	20.8	1.3	2.9	viandes, oeufs, poissons
Rhubarbe, tige, crue	18.1	0.7	1.1	0.2	fruits, légumes, légumineuses et oléagineux
Rhubarbe, tige, cuite	18.8	0.9	1.4	0	fruits, légumes, légumineuses et oléagineux
Rhum	234	0	0	0	eaux et autres boissons
Rillettes d'oie	364	14.9	1	33.4	viandes, oeufs, poissons
Rillettes de canard	377	15.3	1	34.6	viandes, oeufs, poissons
Rillettes de crabe, préemballées	210	9.2	4.6	16.6	viandes, oeufs, poissons
Rillettes de maquereau, préemballées	246	11	1	22	viandes, oeufs, poissons
Rillettes de poisson, préemballées	242	13.9	0	20.7	viandes, oeufs, poissons
Rillettes de poulet	340	16.4	0.5	30.3	viandes, oeufs, poissons
Rillettes de saumon, préemballées	242	12.9	2.8	19.6	viandes, oeufs, poissons
Rillettes de thon, préemballées	235	13.6	1.9	18.8	viandes, oeufs, poissons
Rillettes de Tours (porc)	522	18	0.1	50	viandes, oeufs, poissons
Rillettes du Mans (porc)	420	15.6	4.8	37.6	viandes, oeufs, poissons
Rillettes pur oie	417	14.7	0.1	39.8	viandes, oeufs, poissons
Rillettes pur porc	413	16.7	0.1	38.3	viandes, oeufs, poissons
Rillettes supérieures de porc	402	15.5	0.2	37.7	viandes, oeufs, poissons
Rillettes traditionnelles de porc	391	13	3.7	36	viandes, oeufs, poissons
Ris, agneau, cru	148	14.8	0.2	9.8	viandes, oeufs, poissons
Ris, agneau, cuit	228	22.8	0.2	15.1	viandes, oeufs, poissons
Ris, veau, braisé ou grillé/poêlé	174	21	9.5	5.8	viandes, oeufs, poissons
Ris, veau, cru	96.5	17.2	0	3.1	viandes, oeufs, poissons
Risotto, aux fromages, préemballé	195	5.7	30.9	5.2	entrées et plats composés
Risotto, aux fruits de mer, préemballé	130	5.5	12.5	6.1	entrées et plats composés
Risotto, aux légumes, préemballé	120	2.7	18.4	3.8	entrées et plats composés
Riste d'aubergines (aubergines, tomates, oignons), préemballée	145	1.1	10.6	10.4	entrées et plats composés
Riz au lait vanille, cannelle ou nature, rayon frais	121	3	18.9	3.4	produits laitiers
Riz au lait, au caramel, rayon frais	146	3	24.5	4	produits laitiers
Riz au lait, rhum raisins, rayon frais	133	3	22.3	3.4	produits laitiers
Riz basmati, cuit, sans sel ajouté	148	3	32.9	0.4	produits céréaliers
Riz blanc étuvé, cru	361	7.3	79.4	1	produits céréaliers
Riz blanc étuvé, cuit, sans sel ajouté	146	3	31.7	0.6	produits céréaliers
Riz blanc, cru	350	7	77.5	0.8	produits céréaliers
Riz blanc, cuit, sans sel ajouté	155	3.1	33.2	0.7	produits céréaliers
Riz cantonais, préemballé	164	5.5	23.6	4.9	entrées et plats composés
Riz complet, cru	350	7	71.4	2.8	produits céréaliers
Riz complet, cuit, sans sel ajouté	187	3.9	37.6	1.8	produits céréaliers
Riz rouge, cru	352	8	70.6	3	produits céréaliers
Riz rouge, cuit, sans sel ajouté	141	3.5	28.2	0.7	produits céréaliers
Riz sauvage, cru	344	11.1	69.2	0.9	produits céréaliers
Riz sauvage, cuit, sans sel ajouté	102	3.8	19.7	0.3	produits céréaliers
Riz semi-complet, cuit, sans sel ajouté	165	3.6	34.4	1	produits céréaliers
Riz soufflé chocolaté, enrichi en vitamines et minéraux	382	6.8	81.8	2	produits sucrés
Riz soufflé chocolaté, non enrichi en vitamines et minéraux	387	6	83.3	2.3	produits sucrés
Riz soufflé nature, enrichi en vitamines et minéraux	388	6.7	86.3	1.2	produits sucrés
Riz thaï ou basmati, cru	351	7.1	78.4	0.6	produits céréaliers
Riz thaï, cuit, sans sel ajouté	143	2.4	31.4	0.8	produits céréaliers
Riz, mélange de variétés (blanc, complet, rouge, sauvage, etc.), cru	355	7.1	78.1	1	produits céréaliers
Rocamadour (fromage de chèvre)	274	18.1	0.9	22.2	produits laitiers
Rocher chocolat fourré praliné	558	6.5	51.4	35.3	produits sucrés
Rocher coco ou congolais (petit gâteau à la noix de coco), préemballé	459	4	56.1	23	produits sucrés
Rognon, agneau, braisé	131	23.7	1	3.6	viandes, oeufs, poissons
Rognon, agneau, cru	93.9	14.7	1.1	3.4	viandes, oeufs, poissons
Rognon, boeuf, cru	95.7	17.1	0.8	2.6	viandes, oeufs, poissons
Rognon, boeuf, cuit	171	27	0	7	viandes, oeufs, poissons
Rognon, cuit (aliment moyen)	165	26.3	0	6.7	viandes, oeufs, poissons
Rognon, porc, cru	99.5	16.5	1.1	3.2	viandes, oeufs, poissons
Rognon, porc, cuit	144	25.4	0	4.7	viandes, oeufs, poissons
Rognon, veau, braisé ou grillé/poêlé	167	26	0	7	viandes, oeufs, poissons
Rognon, veau, cru	94.5	15.8	0.8	3.1	viandes, oeufs, poissons
Romarin, frais	121	3.3	6.6	5.9	aides culinaires et ingrédients divers
Romarin, séché	328	4.9	21.5	15.2	aides culinaires et ingrédients divers
Rond de jambon cuit	182	20.3	1.4	10.6	viandes, oeufs, poissons
Roquefort (fromage de brebis)	384	19.5	0	33.9	produits laitiers
Roquette, crue	27.9	2.6	2.1	0.7	fruits, légumes, légumineuses et oléagineux
Rosette ou fuseau	392	24.2	4.9	30.7	viandes, oeufs, poissons
Rostis ou galette de pomme de terre	182	2.4	22.5	8.3	fruits, légumes, légumineuses et oléagineux
Rouget-barbet de roche, cru	158	18.4	0	9.4	viandes, oeufs, poissons
Rouget-barbet de roche, vapeur	143	24.1	0	5.2	viandes, oeufs, poissons
Rouget-barbet, filet avec peau, surgelé, cru (Thaïlande,Vietnam, Sénégal…)	96.7	16.3	0	3.5	viandes, oeufs, poissons
Roulade de porc pistachée	287	15.3	3	23.5	viandes, oeufs, poissons
Rouleau de printemps	103	4.6	16.6	1.8	entrées et plats composés
Roussette ou petite roussette ou saumonette, crue	97.8	23.3	0	0.5	viandes, oeufs, poissons
Roussette ou petite roussette ou saumonette, cuite	104	25.4	0	0.3	viandes, oeufs, poissons
Rutabaga, cru	33.2	1.1	5.7	0.2	fruits, légumes, légumineuses et oléagineux
Rutabaga, cuit	26	0.9	4.3	0.2	fruits, légumes, légumineuses et oléagineux
Rôti de volaille en salaison, cuit	109	22	1.3	1.7	viandes, oeufs, poissons
Sablé pâtissier, artisanal	484	8.4	59.4	22.9	produits sucrés
Sabre, cru	125	18	0	5.9	viandes, oeufs, poissons
Safran	352	11.4	61.5	5.8	aides culinaires et ingrédients divers
Saindoux	900	0	0	100	matières grasses
Saint-Félicien	281	13.4	0	25.2	produits laitiers
Saint-Marcellin	280	15.1	0	24.3	produits laitiers
Saint-Nectaire, fermier	360	22.3	1.2	29.8	produits laitiers
Saint-Nectaire, laitier	333	21.7	0.9	27.2	produits laitiers
Saint-Nectaire, sans précision	342	23.5	0.5	27.5	produits laitiers
Saint-Paulin (fromage à pâte pressée non cuite demi-ferme)	327	22.3	0	26.4	produits laitiers
Saint-Pierre, cru	86.7	19.9	0	0.8	viandes, oeufs, poissons
Sainte-Maure (fromage de chèvre)	298	20	0.9	24	produits laitiers
Sainte-Maure de Touraine (fromage de chèvre)	286	18.5	1.1	23.3	produits laitiers
Saké ou alcool de riz	113	0	0	0	eaux et autres boissons
Salade Alaska au surimi, ananas, carottes, avec sauce, préemballée	170	3.8	7.1	13.4	entrées et plats composés
Salade composée avec viande ou poisson, appertisée	110	8.1	6.4	5.3	entrées et plats composés
Salade composée à base de crudités et poulet, avec sauce, préemballée	88	4.1	4.3	5.3	entrées et plats composés
Salade composée à base de crudités et produits de la mer, avec sauce, préemballée	120	4.8	7.6	7.5	entrées et plats composés
Salade composée à base de crudités, charcuterie et fromage, avec sauce, préemballée	153	7.5	5	10.9	entrées et plats composés
Salade composée à base de crudités, oeuf et produits de la mer, avec sauce, préemballée	108	4.8	3.8	7.6	entrées et plats composés
Salade composée à base de crudités, poulet et fromage, avec sauce, préemballée	150	7.1	5.3	10.8	entrées et plats composés
Salade César au poulet (salade verte, fromage, croûtons, sauce), préemballée	151	8.1	4.9	10	entrées et plats composés
Salade de betterave, avec sauce, préemballée	59.4	1.4	5.1	3	entrées et plats composés
Salade de carottes râpées, avec sauce, préemballée	74.2	0.8	5.7	4.8	entrées et plats composés
Salade de cervelas, avec sauce, préemballée	259	7.6	1.9	24.2	entrées et plats composés
Salade de chou et carotte ou coleslaw, avec sauce, préemballée	105	0.9	5.8	8.1	entrées et plats composés
Salade de chou rouge, avec sauce, préemballée	103	1.2	4.7	8.2	entrées et plats composés
Salade de concombre à la crème/fromage blanc, préemballée	77.9	1.1	0.6	7.5	entrées et plats composés
Salade de céleri et carotte rémoulade, préemballée	79.6	1	5.4	5.3	entrées et plats composés
Salade de céleri rémoulade, préemballée	114	0.9	3.1	10.2	entrées et plats composés
Salade de fruits, crue	79.3	0.6	18	0.2	fruits, légumes, légumineuses et oléagineux
Salade de lentilles et saucisse fumée, préemballée	177	7	8.9	11.8	entrées et plats composés
Salade de museau de boeuf, avec sauce, préemballée	118	11.7	0.8	7.6	entrées et plats composés
Salade de museau de porc, avec sauce, préemballée	172	8.5	0.9	14.8	entrées et plats composés
Salade de pomme de terre au thon, préemballée	124	5.6	8.1	7.7	entrées et plats composés
Salade de pomme de terre à la piémontaise, préemballée	130	4.5	8.9	8.3	entrées et plats composés
Salade de pomme de terre à la saucisse, préemballée	156	3.1	8.8	11.6	entrées et plats composés
Salade de pommes de terre, faite maison	127	2.7	9.9	8.2	entrées et plats composés
Salade de pâtes au fromage et légumes, avec sauce	119	4.4	13.7	4.8	entrées et plats composés
Salade de pâtes au jambon cru, fromage et crudités, avec sauce, préemballée	191	7.3	15.1	10.6	entrées et plats composés
Salade de pâtes au poulet et crudités, avec sauce, préemballée	131	5.9	13.5	5.5	entrées et plats composés
Salade de pâtes au poulet, fromage et crudités, avec sauce, préemballée	175	8.2	12.4	9.5	entrées et plats composés
Salade de pâtes au surimi, avec sauce, préemballée	208	4.2	14.1	14.5	entrées et plats composés
Salade de pâtes aux légumes et poisson ou viande, avec sauce, préemballée	160	6.2	14.2	8.2	entrées et plats composés
Salade de pâtes aux poulet, oeuf, fromage et crudités, avec sauce, préemballée	167	8.2	12.4	8.7	entrées et plats composés
Salade de riz au thon et légumes, avec sauce, préemballée	145	5.1	16.8	6	entrées et plats composés
Salade de riz, appertisée	127	5.1	16.1	4.3	entrées et plats composés
Salade de thon et légumes, appertisée	117	9.2	8.1	4.7	entrées et plats composés
Salade feuille de chêne, crue	10.7	1.1	1	0	fruits, légumes, légumineuses et oléagineux
Salade grecque, avec sauce, préemballée	81.5	2	1.4	7.1	entrées et plats composés
Salade ou chicorée frisée, crue	26	1.7	2.1	0.3	fruits, légumes, légumineuses et oléagineux
Salade sucrine, crue	16.6	1.1	2.6	0	fruits, légumes, légumineuses et oléagineux
Salade verte, crue, sans assaisonnement	13.5	1	1.5	0.1	fruits, légumes, légumineuses et oléagineux
Salade végétarienne à base de boulgour et/ou quinoa et légumes, préemballée	168	3.8	17.4	8.3	entrées et plats composés
Salami	457	17.7	2.6	41.8	viandes, oeufs, poissons
Salami pur porc	446	17	0.8	41.5	viandes, oeufs, poissons
Salami type danois	455	14.5	2.4	43	viandes, oeufs, poissons
Salers	388	25.9	0	31.4	produits laitiers
Salicorne (Salicornia sp.), crue	13.1	1	1	0.2	fruits, légumes, légumineuses et oléagineux
Salsifis noir, ou scorsonère d'Espagne, cru	83	3.1	15.3	0.3	fruits, légumes, légumineuses et oléagineux
Salsifis, appertisé, égoutté	29.2	1.3	4.3	0.2	fruits, légumes, légumineuses et oléagineux
Salsifis, bouilli/cuit à l'eau	56.9	2.6	9.3	0	fruits, légumes, légumineuses et oléagineux
Salsifis, cuit	67.7	2.7	12.3	0.2	fruits, légumes, légumineuses et oléagineux
Salsifis, surgelé, cru	41.1	2.3	4.7	0.2	fruits, légumes, légumineuses et oléagineux
Samossa ou samoussa ou brick au boeuf, fait maison, cuit	342	10.4	33.5	17	entrées et plats composés
Samossa ou samoussa ou brick garni, préemballé, cuit	230	9.3	16.5	13.7	entrées et plats composés
Samoussa ou samossa ou brick garni, fait maison, cuit	187	12.2	8.5	11.5	entrées et plats composés
Sandre, cru	87.2	18.3	1.1	1.1	viandes, oeufs, poissons
Sandwich (aliment moyen)	280	12.4	30.3	11.7	entrées et plats composés
Sandwich baguette (aliment moyen)	293	11.7	33.2	12.1	entrées et plats composés
Sandwich baguette, camembert beurre, fait maison	341	11.9	34.8	16.7	entrées et plats composés
Sandwich baguette, camembert beurre, vente à emporter	303	11.4	32.9	13.7	entrées et plats composés
Sandwich baguette, crudités diverses mayonnaise	224	6.5	30.6	7.9	entrées et plats composés
Sandwich baguette, dinde crudités mayonnaise	257	12.4	31.2	8.8	entrées et plats composés
Sandwich baguette, jambon beurre, fait maison	285	11.6	35.1	10.5	entrées et plats composés
Sandwich baguette, jambon beurre, vente à emporter	254	10.4	38.8	6	entrées et plats composés
Sandwich baguette, jambon emmental beurre	298	13.4	30.2	13.2	entrées et plats composés
Sandwich baguette, jambon emmental, préemballé	284	12.7	27.9	12.9	entrées et plats composés
Sandwich baguette, jambon emmental, vente à emporter	263	12	34.5	8.2	entrées et plats composés
Sandwich baguette, jambon, oeuf, crudités, beurre	225	10.1	31.7	6	entrées et plats composés
Sandwich baguette, merguez ketchup moutarde	289	13.1	32.7	11.4	entrées et plats composés
Sandwich baguette, oeuf crudités mayonnaise	249	8.5	31.6	9.5	entrées et plats composés
Sandwich baguette, porc crudités mayonnaise	272	12	31.2	10.6	entrées et plats composés
Sandwich baguette, poulet crudités mayonnaise, fait maison	263	10.4	34.9	8.5	entrées et plats composés
Sandwich baguette, poulet crudités mayonnaise, vente à emporter	223	10.3	29.7	6.7	entrées et plats composés
Sandwich baguette, poulet crudités, préemballé	216	9	28.2	7	entrées et plats composés
Sandwich baguette, pâté cornichons	304	10.1	33.5	13.9	entrées et plats composés
Sandwich baguette, salami beurre	381	12.5	33.9	21.4	entrées et plats composés
Sandwich baguette, saucisson beurre, fait maison	374	13.7	35.2	19.4	entrées et plats composés
Sandwich baguette, saucisson beurre, vente à emporter	293	10.4	36.9	11.3	entrées et plats composés
Sandwich baguette, saumon fumé beurre	268	11.5	41.7	5.6	entrées et plats composés
Sandwich baguette, thon crudités mayonnaise, fait maison	275	10.3	32.1	11.3	entrées et plats composés
Sandwich baguette, thon crudités mayonnaise, vente à emporter	232	9.3	28.8	8.5	entrées et plats composés
Sandwich baguette, thon maïs crudités, préemballé	193	8.9	23.9	6	entrées et plats composés
Sandwich grec ou kebab, baguette, crudités	272	15	29.9	9.8	entrées et plats composés
Sandwich grec ou kebab, pita, crudités	232	15.2	17	10.9	entrées et plats composés
Sandwich pain de mie complet, bacon crudités, préemballé	257	9.3	25.8	12.4	entrées et plats composés
Sandwich pain de mie complet, jambon crudités, préemballé	197	8.5	22.4	7.6	entrées et plats composés
Sandwich pain de mie complet, jambon fromage crudités, préemballé	227	9.8	22.9	9.9	entrées et plats composés
Sandwich pain de mie complet, jambon fromage, préemballé	240	11.2	23.8	10.5	entrées et plats composés
Sandwich pain de mie complet, jambon oeuf crudités, préemballé	213	9	25.6	7.7	entrées et plats composés
Sandwich pain de mie complet, jambon, préemballé	246	10.1	26.3	10.5	entrées et plats composés
Sandwich pain de mie complet, poulet crudités, préemballé	199	8.8	23	7.4	entrées et plats composés
Sandwich pain de mie complet, poulet, préemballé	229	11.2	25.3	8.5	entrées et plats composés
Sandwich pain de mie complet, saucisson ou rosette, préemballé	336	11.9	26.3	19.5	entrées et plats composés
Sandwich pain de mie complet, saumon fumé, préemballé	206	8.6	24.1	7.7	entrées et plats composés
Sandwich pain de mie complet, thon crudités, préemballé	207	9.5	24.3	7.3	entrées et plats composés
Sandwich pain de mie complet, thon oeuf crudités, préemballé	196	9.8	23.1	6.7	entrées et plats composés
Sandwich pain polaire, jambon fromage, préemballé	266	10.5	27.2	12.3	entrées et plats composés
Sandwich pain polaire, poulet crudités, préemballé	218	9.8	28.1	7	entrées et plats composés
Sandwich pain polaire, saumon, préemballé	238	10.7	27.2	9.1	entrées et plats composés
Sandwich pain viennois, jambon oeuf crudités, préemballé	236	9.2	26.6	9.8	entrées et plats composés
Sandwich pain viennois, poulet crudités, préemballé	234	10.1	26.4	9.3	entrées et plats composés
Sandwich pain viennois, poulet oeuf crudités, préemballé	218	9.9	27	7.3	entrées et plats composés
Sandwich pain viennois, thon oeuf crudités, préemballé	229	9.7	26.6	8.7	entrées et plats composés
Sandwich panini, jambon cru mozzarella, tomates	237	14.2	25.7	8.3	entrées et plats composés
Sandwich panini, trois fromages	294	17	25	14	entrées et plats composés
Sang, boeuf, cru	82.1	19.5	0.8	0.1	viandes, oeufs, poissons
Sanglier, viande crue	150	21.5	0	7.1	viandes, oeufs, poissons
Sanglier, viande rôtie/cuite au four	153	28.3	0	4.4	viandes, oeufs, poissons
Sangria, faite maison	88.7	0	11	0.1	eaux et autres boissons
Sardine, crue	160	19.5	0	9.2	viandes, oeufs, poissons
Sardine, filets sans arêtes à l'huile d'olive, appertisés, égouttés	202	23.2	1.2	11.6	viandes, oeufs, poissons
Sardine, grillée/poêlée	194	25.1	0	10.4	viandes, oeufs, poissons
Sardine, sauce tomate, appertisée, égouttée	194	20.2	1.8	11.6	viandes, oeufs, poissons
Sardine, à l'huile d'arachide, appertisée, égouttée	223	21.2	1.1	14.9	viandes, oeufs, poissons
Sardine, à l'huile d'olive, appertisée, égouttée	224	23.3	0.1	14.5	viandes, oeufs, poissons
Sardine, à l'huile de tournesol, appertisée, égouttée	219	23.5	0.3	13.8	viandes, oeufs, poissons
Sardine, à l'huile, appertisée, égouttée	217	23.3	0.3	13.7	viandes, oeufs, poissons
Sarrasin complet, cru	362	13.3	67.5	3.4	produits céréaliers
Sarriette, séchée	264	6.7	23	5.9	aides culinaires et ingrédients divers
Sauce (aliment moyen)	246	1.5	6.7	23.3	aides culinaires et ingrédients divers
Sauce aigre douce, préemballée	153	0.3	37	0.2	aides culinaires et ingrédients divers
Sauce algérienne, préemballée	486	1.8	14	46.8	aides culinaires et ingrédients divers
Sauce américaine, préemballée	409	1.3	10	39.8	aides culinaires et ingrédients divers
Sauce andalouse, préemballée	548	1.6	8	56.5	aides culinaires et ingrédients divers
Sauce armoricaine, préemballée	83.6	2.1	4	6.6	aides culinaires et ingrédients divers
Sauce au beurre blanc, préemballée	212	1.1	3.4	21.4	aides culinaires et ingrédients divers
Sauce au beurre, préemballée	192	2.2	5.2	17.9	aides culinaires et ingrédients divers
Sauce au chocolat, préemballée	308	2.2	62.3	5.1	aides culinaires et ingrédients divers
Sauce au curry, chaude, préemballée	77.4	1	10.6	3.2	aides culinaires et ingrédients divers
Sauce au curry, froide, préemballée	367	0.9	8.5	36.5	aides culinaires et ingrédients divers
Sauce au fromage pour risotto ou pâtes, préemballée	118	3.1	4.2	9.5	aides culinaires et ingrédients divers
Sauce au poivre vert, préemballée	88.9	1.3	5.3	6.7	aides culinaires et ingrédients divers
Sauce au poivre, chaude, préemballée	160	1	4.8	14.8	aides culinaires et ingrédients divers
Sauce au poivre, froide, préemballée	472	0.7	5.8	49.3	aides culinaires et ingrédients divers
Sauce au roquefort, préemballée	128	2.9	4.4	10.9	aides culinaires et ingrédients divers
Sauce au vin rouge, faite maison	64.5	0.8	7	2.2	aides culinaires et ingrédients divers
Sauce au yaourt, faite maison	98.5	3.6	5	6.9	aides culinaires et ingrédients divers
Sauce aux champignons et à la crème, préemballée	75.5	1.4	6.2	5	aides culinaires et ingrédients divers
Sauce aux champignons, préemballée	98.8	3.2	6.3	6.3	aides culinaires et ingrédients divers
Sauce aïoli, préemballée	480	1.1	5.4	50.2	aides culinaires et ingrédients divers
Sauce barbecue, préemballée	136	0.6	30.3	0.6	aides culinaires et ingrédients divers
Sauce basquaise ou sauce aux poivrons, préemballée	63.1	1.2	7.4	2.7	aides culinaires et ingrédients divers
Sauce bourguignonne, préemballée	439	1.3	7.8	44.6	aides culinaires et ingrédients divers
Sauce burger, préemballée	427	1.3	13.2	40.4	aides culinaires et ingrédients divers
Sauce béarnaise, préemballée	455	0.9	4.9	47.7	aides culinaires et ingrédients divers
Sauce béchamel au beurre, faite maison	147	3.8	9	10.6	aides culinaires et ingrédients divers
Sauce béchamel, préemballée	105	2.6	6.2	7.4	aides culinaires et ingrédients divers
Sauce Caesar, préemballée	448	1.8	7	45.7	aides culinaires et ingrédients divers
Sauce carbonara, préemballée	160	5.2	4.7	12.8	aides culinaires et ingrédients divers
Sauce chasseur, préemballée	38.8	1.2	4.7	1.6	aides culinaires et ingrédients divers
Sauce chaude (aliment moyen)	123	2.7	7.7	8.7	aides culinaires et ingrédients divers
Sauce cocktail, préemballée	572	1.3	9.2	58.7	aides culinaires et ingrédients divers
Sauce crudités ou sauce salade, allégée en matière grasse, préemballée	160	0.8	6.7	14.3	aides culinaires et ingrédients divers
Sauce crudités ou sauce salade, préemballée	303	0.6	6.2	30.5	aides culinaires et ingrédients divers
Sauce d'huître, préemballée	50.7	1.4	10.6	0.2	aides culinaires et ingrédients divers
Sauce froide (aliment moyen)	318	0.8	6.2	31.9	aides culinaires et ingrédients divers
Sauce grand veneur, préemballée	103	1.5	8.4	7	aides culinaires et ingrédients divers
Sauce hollandaise, préemballée	197	1.2	3.2	19.8	aides culinaires et ingrédients divers
Sauce indienne type tandoori ou tikka masala, préemballée	86.7	2.6	14.3	1.7	aides culinaires et ingrédients divers
Sauce kebab, préemballée	433	1.2	6.9	44.1	aides culinaires et ingrédients divers
Sauce madère, préemballée	37.6	0.6	3.6	2.2	aides culinaires et ingrédients divers
Sauce moutarde, préemballée	233	1.7	4.7	22.8	aides culinaires et ingrédients divers
Sauce nuoc mâm ou sauce au poisson, préemballée	81.2	9.3	10.9	0	aides culinaires et ingrédients divers
Sauce pesto rosso, préemballée	305	4.8	8.6	27	aides culinaires et ingrédients divers
Sauce pesto, préemballée	370	3.9	6.6	35.4	aides culinaires et ingrédients divers
Sauce pommes frites, préemballée	330	0.8	10.3	31.6	aides culinaires et ingrédients divers
Sauce pour nems à base de nuoc-mam dilué, préemballée	132	1.4	31.2	0	aides culinaires et ingrédients divers
Sauce rouille, préemballée	551	0.6	2.7	59.8	aides culinaires et ingrédients divers
Sauce samouraï, préemballée	523	1.1	5.1	55.2	aides culinaires et ingrédients divers
Sauce soja sucrée, préemballée	171	2.9	39.5	0	aides culinaires et ingrédients divers
Sauce soja, préemballée	39.9	7.2	1.7	0	aides culinaires et ingrédients divers
Sauce tartare, préemballée	500	0.9	5.1	52.7	aides culinaires et ingrédients divers
Sauce teriyaki, préemballée	88.1	5.9	16	0	aides culinaires et ingrédients divers
Sauce tomate au fromage, préemballée	180	3.9	8.1	14.2	aides culinaires et ingrédients divers
Sauce tomate aux champignons, préemballée	68.3	1.8	7.8	2.7	aides culinaires et ingrédients divers
Sauce tomate aux oignons, préemballée	78.8	1.5	7.7	4.2	aides culinaires et ingrédients divers
Sauce tomate aux olives, préemballée	110	1.4	7.5	7.3	aides culinaires et ingrédients divers
Sauce tomate aux petits légumes, préemballée	66.8	1.5	7.6	2.9	aides culinaires et ingrédients divers
Sauce tomate cuisinée pour pizza	41.5	2	4.7	0.8	aides culinaires et ingrédients divers
Sauce tomate à la viande ou sauce bolognaise, préemballée	93.8	4.2	7.3	4.8	aides culinaires et ingrédients divers
Sauce vinaigrette (50 à 75% d'huile), préemballée	475	0.6	2.9	51	aides culinaires et ingrédients divers
Sauce vinaigrette allégée en matière grasse (25 à 50% d'huile), préemballée	251	0.2	2.4	26.4	aides culinaires et ingrédients divers
Sauce vinaigrette à l'huile d'olive (50 à 75% d'huile), préemballée	471	0.7	3	50.5	aides culinaires et ingrédients divers
Sauce végétale type bolognaise, aux protéines de soja, préemballée	68	3.6	5	3	aides culinaires et ingrédients divers
Sauce à l'oseille, préemballée	153	1.3	1.7	15	aides culinaires et ingrédients divers
Sauce à l'échalote à la crème, préemballée	106	1.7	11.9	5.5	aides culinaires et ingrédients divers
Sauce à la crème	78.2	1.1	5.9	5.5	aides culinaires et ingrédients divers
Sauce à la crème aux herbes	76.6	1.1	5.5	5.5	aides culinaires et ingrédients divers
Sauce à la crème aux épices	82.5	1.2	6.2	5.8	aides culinaires et ingrédients divers
Saucisse (aliment moyen)	286	17.4	1.2	23.4	viandes, oeufs, poissons
Saucisse alsacienne fumée ou gendarme	300	19		24.9	viandes, oeufs, poissons
Saucisse cocktail	290	12.7	1.5	25.9	viandes, oeufs, poissons
Saucisse de bière	319	13		29.7	viandes, oeufs, poissons
Saucisse de foie	374	11.7	0.9	35.9	viandes, oeufs, poissons
Saucisse de Francfort	279	13.7	3.4	23.4	viandes, oeufs, poissons
Saucisse de jambon pur porc	236	15.7	4	17.5	viandes, oeufs, poissons
Saucisse de langue à la pistache	294	15.3		25.8	viandes, oeufs, poissons
Saucisse de Montbéliard, à cuire	322	17.3	1.7	27.3	viandes, oeufs, poissons
Saucisse de Morteau	398	16	1.2	36.6	viandes, oeufs, poissons
Saucisse de Morteau bouillie/cuite à l'eau	323	15.2	0	29.1	viandes, oeufs, poissons
Saucisse de Strasbourg ou knack, à cuire	291	12.4	1.4	25.9	viandes, oeufs, poissons
Saucisse de Strasbourg ou knack, à teneur réduite en sel, à cuire	284	12	1.5	25.3	viandes, oeufs, poissons
Saucisse de Toulouse crue	321	13.3	0.6	29.5	viandes, oeufs, poissons
Saucisse de Toulouse cuite	279	18.8	1.3	22.1	viandes, oeufs, poissons
Saucisse de volaille façon charcutière	239	15.6	1.1	19.1	viandes, oeufs, poissons
Saucisse de volaille type knack	236	14	1.8	18.9	viandes, oeufs, poissons
Saucisse de volaille type knack (contenant du soja), préemballée	208	12.1	2.7	15.8	viandes, oeufs, poissons
Saucisse fumée à cuire	336	15.6		30.4	viandes, oeufs, poissons
Saucisse sèche	460	27.3	4	37.1	viandes, oeufs, poissons
Saucisse viennoise crue	233	10.3		21.3	viandes, oeufs, poissons
Saucisse végétale au blé ou seitan, préemballé	250	27.1	7.5	10.5	viandes, oeufs, poissons
Saucisse végétale au tofu (convient aux véganes ou végétaliens), préemballée	228	13.4	5.7	16.3	viandes, oeufs, poissons
Saucisson brioché, cuit	303	14.7	20.9	17.4	viandes, oeufs, poissons
Saucisson de cheval type cervelas	244	14.2	1.4	20	viandes, oeufs, poissons
Saucisson pur porc cuit	322	13.8	1.3	29	viandes, oeufs, poissons
Saucisson sec	418	24.2	5.5	33.1	viandes, oeufs, poissons
Saucisson sec allégé en matière grasse	286	34.6	1.6	15.7	viandes, oeufs, poissons
Saucisson sec aux noix et/ou noisettes	477	27.7	1.8	39.7	viandes, oeufs, poissons
Saucisson sec de Lyon pur porc	255	12.8	0.8	22	viandes, oeufs, poissons
Saucisson sec pur porc	417	28.7	1.8	32.3	viandes, oeufs, poissons
Saucisson sec pur porc, qualité supérieure	368	27.7	2.1	27.6	viandes, oeufs, poissons
Saucisson à l'ail	276	15	0.6	23.6	viandes, oeufs, poissons
Sauge, fraîche	34.9	4	1	0	aides culinaires et ingrédients divers
Sauge, séchée	320	10.6	20.4	12.8	aides culinaires et ingrédients divers
Saumon argenté du Pacifique (coho), cru	147	21.4	0	6.8	viandes, oeufs, poissons
Saumon farci, préemballé	227	18.8	0.4	16.2	entrées et plats composés
Saumon fumé	184	22.2	0.1	10.5	viandes, oeufs, poissons
Saumon fumé, aux cinq baies	199	22.6	1.4	11.4	viandes, oeufs, poissons
Saumon fumé, à l'aneth et au citron	201	21.2	0.4	12.8	viandes, oeufs, poissons
Saumon sauce à l'oseille, préemballé	157	9.5	8.2	9.5	entrées et plats composés
Saumon, appertisé, égoutté	144	21	4.9	4.5	viandes, oeufs, poissons
Saumon, cuit à la vapeur	199	23	0.9	11.5	viandes, oeufs, poissons
Saumon, cuit, sans précision (aliment moyen)	205	23.2	0.6	12.2	viandes, oeufs, poissons
Saumon, grillé/poêlé	223	25.5	0	13.5	viandes, oeufs, poissons
Saumon, sauvage, cru	166	21	0	9.2	viandes, oeufs, poissons
Saumon, sauvage, fumé	121	23.6	0	2.9	viandes, oeufs, poissons
Saumon, élevage, bouilli/cuit à l'eau	193	25	0	10.3	viandes, oeufs, poissons
Saumon, élevage, cru	193	20.5	0	12.4	viandes, oeufs, poissons
Saumon, élevage, cuit au micro-onde	200	24.2	0	11.4	viandes, oeufs, poissons
Saumon, élevage, fumé	188	22.1	0.1	11	viandes, oeufs, poissons
Saumon, élevage, rôti/cuit au four	214	22.1	1	13.5	viandes, oeufs, poissons
Saupe, crue	96.5	18	0.5	2.5	viandes, oeufs, poissons
Scarole, crue	20.5	1.4	2	0.2	fruits, légumes, légumineuses et oléagineux
Seiche, crue	76.3	16.2	0.5	1.1	viandes, oeufs, poissons
Seigle complet, cru	332	10.3	60.8	1.6	produits céréaliers
Seitan, préemballé	134	20.6	6.7	2.5	aides culinaires et ingrédients divers
Sel au céleri	49	1.8	4.1	2.5	aides culinaires et ingrédients divers
Sel blanc alimentaire, iodé, fluoré à 25 mg /100 g (marin, ignigène ou gemme)	0	0	0	0	aides culinaires et ingrédients divers
Sel blanc alimentaire, iodé, non fluoré (marin, ignigène ou gemme)	0	0	0	0	aides culinaires et ingrédients divers
Sel blanc alimentaire, non iodé, non fluoré (marin, ignigène ou gemme)	0	0	0	0	aides culinaires et ingrédients divers
Sel marin gris, non iodé, non fluoré	0	0	0	0	aides culinaires et ingrédients divers
Selles-sur-Cher (fromage de chèvre)	289	18.8	1.2	23.5	produits laitiers
Semoule au lait, rayon frais	132	3.4	18.9	4.7	produits laitiers
Semoule de blé dur, crue	350	11.8	69.8	1.3	produits céréaliers
Semoule ou graine de couscous complète, cuite, sans sel ajouté	142	4.3	26.8	1	produits céréaliers
Semoule ou graine de couscous semi-complète, cuite, sans sel ajouté	170	5.6	32.4	1	produits céréaliers
Semoule ou graine de couscous, cuite, sans sel ajouté	164	5.8	31	0.9	produits céréaliers
Sirop d'érable	269	0	67.2	0.1	produits sucrés
Sirop léger pour fruits appertisés au sirop	58.9	0.3	14.3	0	aides culinaires et ingrédients divers
Sirop léger pour poire appertisée	57.9	0.2	14.6	0	aides culinaires et ingrédients divers
Sirop pour fruits appertisés au sirop	73	0.2	17.7	0	aides culinaires et ingrédients divers
Sirop à diluer, sucré	252	0.2	62.5	0	eaux et autres boissons
Smoothie, sans précision sur la teneur en fruits et les ingrédients autres que fruits	60.2	0.6	12.9	0.3	eaux et autres boissons
Snack pour enfants à base de fromage fondu et de gressins	298	9.8	24	17.9	produits laitiers
Soja, graine entière	441	36.5	20.9	19.9	fruits, légumes, légumineuses et oléagineux
Sole tropicale ou sole-langue, crue	70.3	15.7	0.5	0.6	viandes, oeufs, poissons
Sole, bouillie/cuite à l'eau	69	15	0	1	viandes, oeufs, poissons
Sole, crue	77.3	18	0	0.6	viandes, oeufs, poissons
Sole, cuite à la vapeur	94.6	20.3	0	1.5	viandes, oeufs, poissons
Sole, frite	72.2	15.8	0	1	viandes, oeufs, poissons
Sole, grillée/poêlée	94.4	23.6	0	0	viandes, oeufs, poissons
Sole, rôtie/cuite au four	78.2	15.7	0	1.7	viandes, oeufs, poissons
Son d'avoine	361	16.8	50.6	6.5	aides culinaires et ingrédients divers
Son de blé	270	14.8	22.7	3.9	aides culinaires et ingrédients divers
Son de maïs	226	8.4	6.7	0.9	aides culinaires et ingrédients divers
Son de riz	398	14	28	20.9	aides culinaires et ingrédients divers
Sorbet, bâtonnet	103	0.2	24.8	0.3	glaces et sorbets
Sorbet, cône	216	1.8	38.2	5.8	glaces et sorbets
Sorbet, en bac	122	0.4	28.7	0.6	glaces et sorbets
Sorbet, pot individuel	126	0.5	28.4	1	glaces et sorbets
Sorgho complet, cru	349	10.6	65.4	3.5	produits céréaliers
Soufflé au fromage	185	10.9	4.8	13.4	entrées et plats composés
Soupe (aliment moyen)	39.5	1.4	4.8	1.4	entrées et plats composés
Soupe asiatique, avec poulet et pâtes, préemballée à réchauffer	67.6	4	6.3	2.8	entrées et plats composés
Soupe asiatique, avec pâtes, déshydratée reconstituée	38.4	1.1	5.7	1.1	entrées et plats composés
Soupe asiatique, avec pâtes, préemballée à réchauffer	33.5	1.3	4.1	1.2	entrées et plats composés
Soupe au boeuf et aux vermicelles, déshydratée reconstituée	22.6	0.9	4.3	0.1	entrées et plats composés
Soupe au cresson, déshydratée reconstituée	25.1	0.4	4	0.8	entrées et plats composés
Soupe au cresson, préemballée à réchauffer	34	1	5.4	0.8	entrées et plats composés
Soupe au pistou, déshydratée reconstituée	27	1	4.8	0.3	entrées et plats composés
Soupe au pistou, préemballée à réchauffer	52.6	1.9	3.9	2.8	entrées et plats composés
Soupe au potiron, déshydratée reconstituée	36.1	0.7	5	1.3	entrées et plats composés
Soupe au potiron, préemballée à réchauffer	36.2	0.7	4.5	1.5	entrées et plats composés
Soupe aux asperges, déshydratée reconstituée	37.4	0.8	5.4	1.3	entrées et plats composés
Soupe aux asperges, préemballée à réchauffer	57.6	1.5	3.8	3.8	entrées et plats composés
Soupe aux champignons, déshydratée reconstituée	37.7	0.7	4.9	1.7	entrées et plats composés
Soupe aux champignons, préemballée à réchauffer	40.3	0.9	4.1	2.1	entrées et plats composés
Soupe aux céréales et aux légumes, déshydratée reconstituée	47.8	1.4	6.8	1.4	entrées et plats composés
Soupe aux lentilles, préemballée à réchauffer	63.3	3.2	7.6	1.9	entrées et plats composés
Soupe aux légumes avec fromage, préemballée à réchauffer	46.3	1.3	4.8	2.3	entrées et plats composés
Soupe aux légumes et aux vermicelles, déshydratée reconstituée	35.6	0.8	6.2	0.8	entrées et plats composés
Soupe aux légumes et aux vermicelles, préemballée à réchauffer	37	1.1	5.4	1	entrées et plats composés
Soupe aux légumes variés, déshydratée reconstituée	35.5	0.8	5.7	0.9	entrées et plats composés
Soupe aux légumes variés, préemballée à réchauffer	36.8	0.8	4.5	1.4	entrées et plats composés
Soupe aux légumes verts, déshydratée reconstituée	32	0.6	4.8	1.1	entrées et plats composés
Soupe aux légumes verts, préemballée à réchauffer	35	1.1	4	1.4	entrées et plats composés
Soupe aux poireaux et pommes de terre, déshydratée reconstituée	36.2	0.8	4.9	1.4	entrées et plats composés
Soupe aux poireaux et pommes de terre, préemballée à réchauffer	37.1	0.9	5.1	1.2	entrées et plats composés
Soupe aux pois cassés, préemballée à réchauffer	48.8	2.5	5.7	1.5	entrées et plats composés
Soupe chorba frik, à base de viande et de frik	62.9	3.8	5.4	2.5	entrées et plats composés
Soupe de poissons et/ou crustacés, déshydratée reconstituée	40.9	0.9	5.7	1.5	entrées et plats composés
Soupe de poissons et/ou crustacés, préemballée à réchauffer	50	4.1	2.7	2.4	entrées et plats composés
Soupe froide type gaspacho ou gazpacho, préemballée	40.2	0.8	3.2	2.3	entrées et plats composés
Soupe marocaine, déshydratée reconstituée	39.9	2.1	6.4	0.5	entrées et plats composés
Soupe minestrone, déshydratée reconstituée	32.4	1.1	5.6	0.4	entrées et plats composés
Soupe minestrone, préemballée à réchauffer	46.5	1.5	5	1.9	entrées et plats composés
Soupe miso, déshydratée reconstituée	16.5	1.2	2.4	0.3	entrées et plats composés
Soupe pour bébé légumes et pomme de terre	38.1	1	5.9	0.9	aliments infantiles
Soupe pour bébé légumes, céréales et lait	59.5	1.5	7.2	2.5	aliments infantiles
Soupe à l'oignon, déshydratée reconstituée	19.4	0.5	3.4	0.4	entrées et plats composés
Soupe à l'oignon, préemballée à réchauffer	60.8	1.6	4.3	3.8	entrées et plats composés
Soupe à la carotte, préemballée à réchauffer	35.8	0.7	4	1.6	entrées et plats composés
Soupe à la tomate et aux vermicelles, déshydratée reconstituée	27.7	0.8	5.4	0.3	entrées et plats composés
Soupe à la tomate et aux vermicelles, préemballée à réchauffer	38	1.2	6.1	0.8	entrées et plats composés
Soupe à la tomate, déshydratée reconstituée	39.6	1	6.5	1	entrées et plats composés
Soupe à la tomate, préemballée à réchauffer	36.2	0.8	5.9	0.9	entrées et plats composés
Soupe à la volaille et aux légumes, déshydratée reconstituée	27.3	1	4.6	0.4	entrées et plats composés
Soupe à la volaille et aux légumes, préemballée à réchauffer	30.8	3.1	2.6	0.8	entrées et plats composés
Soupe à la volaille et aux vermicelles, déshydratée reconstituée	21.2	0.8	3.9	0.2	entrées et plats composés
Soupe à la volaille et aux vermicelles, préemballée à réchauffer	23.2	1.2	3.3	0.6	entrées et plats composés
Spiruline (algue), fraîche, crue	36.1	5.9	2	0.4	aides culinaires et ingrédients divers
Spiruline (Spirulina sp.), séchée ou déshydratée	374	60.4	17.7	6.3	aides culinaires et ingrédients divers
Sprat, cru	189	19.8	0.6	11.9	viandes, oeufs, poissons
Spécialité chinoise type bouchée à la vapeur, préemballée, cuite	149	5.9	28	1.4	entrées et plats composés
Spécialité culinaire à base de crème et d'aromates 19% MG, à cuisiner	195	3.1	3	19	produits laitiers
Spécialité culinaire à base de crème légère et d'aromates 12% MG, à cuisiner	128	3.1	2	12	produits laitiers
Spécialité de fruits divers, sucrée (mélange chairs et/ou purées de fruits, mais toujours avec autre ingrédient), préemballée, rayon frais	79.2	0.4	18.2	0.2	fruits, légumes, légumineuses et oléagineux
Spécialité de fruits, tout type de fruits, (mélange chairs et/ou purées de fruits, mais toujours avec autre ingrédient), sans précision sur la teneur en sucres ni sur le rayon (aliment moyen)	72.7	0.3	16.5	0.4	fruits, légumes, légumineuses et oléagineux
Spécialité de fruits, tout type de fruits, sans sucres ajoutés (mélange chairs et/ou purées de fruits, mais toujours avec autre ingrédient), préemballée, rayon ambiant	58.3	0.3	12.7	0.4	fruits, légumes, légumineuses et oléagineux
Spécialité de fruits, tout type de fruits, sans sucres ajoutés (mélange chairs et/ou purées de fruits, mais toujours avec autre ingrédient), préemballée, rayon frais	55.6	0.4	12.2	0.3	fruits, légumes, légumineuses et oléagineux
Spécialité de fruits, tout type de fruits, sucrée (mélange chairs et/ou purées de fruits, mais toujours avec autre ingrédient), préemballée, rayon ambiant	72.7	0.3	16.5	0.4	fruits, légumes, légumineuses et oléagineux
Spécialité fromagère fondante au fromage blanc et aux noix	311	11.2	2.5	28.5	produits laitiers
Spécialité fromagère fondue aromatisée en cubes pour l’apéritif (cubes de fromage fondu au lait de vache)	251	12.4	5.6	19.9	produits laitiers
Spécialité fromagère non affinée en coque, enrichie en vitamines	242	5.5	3.5	22.9	produits laitiers
Spécialité laitière ou dessert lacté, aromatisé, à faible teneur en matière grasse, sucré, avec édulcorants, rayon frais	75.5	3.8	11.9	1.1	produits laitiers
Spécialité laitière riche en protéines, nature	74.5	9.3	3.5	2.7	produits laitiers
Spécialité laitière riche en protéines, sur lit de fruits, sucrée	97.6	7.5	11.5	2.3	produits laitiers
Spécialité végétale type fromage en tranche ou râpé, sans soja, préemballée	271	0.2	21.2	20.1	produits laitiers
Spécialité végétale type fromage à tartiner, au soja, préemballée	174	11.7	1.1	13.1	produits laitiers
Spécialité végétale type fromage, à la noix de cajou, préemballée	441	14.5	15.2	35.3	produits laitiers
Spécialité végétale type pâté, préemballée	197	3.6	9.4	15.4	viandes, oeufs, poissons
Spécialité à base de crème légère 4% MG environ, fluide ou épaisse	73.2	3.2	5.3	4.3	produits laitiers
Spécialité à base de crème légère 4-5% MG, fluide ou épaisse	75	3.1	4.5	5	produits laitiers
Spécialité à diluer au citron pour boissons ou usages culinaires, sans sucres ajoutés	18.4	0.2	1	0	eaux et autres boissons
Spéculoos	476	5.6	71.2	18.1	produits sucrés
Substitut de repas hypocalorique, crème dessert	89.4	6.4	9.3	2.8	aides culinaires et ingrédients divers
Substitut de repas hypocalorique, poudre reconstituée avec lait écrémé	79.1	6.1	9.3	1.7	aides culinaires et ingrédients divers
Substitut de repas hypocalorique, poudre reconstituée avec lait écrémé, type milkshake	86.6	6.2	10.1	2.3	aides culinaires et ingrédients divers
Substitut de repas hypocalorique, prêt à boire	87.9	6.8	9.8	2.5	aides culinaires et ingrédients divers
Sucre blanc	399	0	99.7	0	produits sucrés
Sucre roux	393	0.1	98.1	0	produits sucrés
Sucre vanillé	397	0.1	98.6	0.3	produits sucrés
Surimi, bâtonnets, tranche ou râpé saveur crabe	117	7.5	11.8	4.3	viandes, oeufs, poissons
Surimi, fourré au fromage frais	148	6.6	9.2	9.3	viandes, oeufs, poissons
Sushi ou maki aux produits de la mer	171	6.7	26.9	3.7	entrées et plats composés
Sébaste du nord ou grand sébaste, ou dorade sébaste, ou daurade sébaste, crue	89.5	18.8	0	1.6	viandes, oeufs, poissons
Sésame, graine	606	17.7	12.8	49.7	fruits, légumes, légumineuses et oléagineux
Sésame, graine décortiquée	620	20.4	10.3	51	fruits, légumes, légumineuses et oléagineux
Sésame, grillé, graine décortiquée	582	17	9.1	48	fruits, légumes, légumineuses et oléagineux
Taboulé ou salade de semoule au poulet, préemballé	176	5.9	20.1	7.5	entrées et plats composés
Taboulé ou salade de semoule aux légumes, préemballé	179	4.9	23.7	6.7	entrées et plats composés
Tacaud, cru	81.3	19.7	0	0.3	viandes, oeufs, poissons
Tahin ou purée de sésame	631	17.7	13.8	53.4	fruits, légumes, légumineuses et oléagineux
Tajine de mouton, préemballé	131	12.8	4.5	6.8	entrées et plats composés
Tajine de poulet, préemballé	127	7.5	14.4	3.7	entrées et plats composés
Tapenade, préemballée	229	1.9	3.3	21.9	aides culinaires et ingrédients divers
Tapioca ou perles du Japon, cru	354	0.2	87.8	0	fruits, légumes, légumineuses et oléagineux
Tarama, au saumon fumé, préemballé	501	7.7	4.7	50	viandes, oeufs, poissons
Tarama, aux oeufs de cabillaud, préemballé	518	6.1	4	53	viandes, oeufs, poissons
Taro, tubercule, cru	105	1.5	22.4	0.2	fruits, légumes, légumineuses et oléagineux
Taro, tubercule, cuit	131	0.5	29.5	0.1	fruits, légumes, légumineuses et oléagineux
Tarte au chocolat, fabrication artisanale	469	5.9	40.9	30.7	produits sucrés
Tarte au citron	319	5.6	43.1	13.6	produits sucrés
Tarte au fromage, préemballée	271	9.4	20	16.7	entrées et plats composés
Tarte au maroilles ou flamiche au maroilles, préemballée	318	14	23	18.3	entrées et plats composés
Tarte au saumon, préemballée	251	8.4	24.2	13.2	entrées et plats composés
Tarte aux abricots	285	3.2	41	10.7	produits sucrés
Tarte aux fraises, artisanale	318	3.2	31	19.8	produits sucrés
Tarte aux fruits et crème pâtissière	205	2.9	30	7.7	produits sucrés
Tarte aux fruits rouges	231	3.5	36.5	6.9	produits sucrés
Tarte aux légumes, préemballée	216	5	21.8	11.7	entrées et plats composés
Tarte aux noix de Saint-Jacques, préemballée	222	7.2	21.7	11.5	entrées et plats composés
Tarte aux poires amandine	310	4.9	37.7	14.9	produits sucrés
Tarte normande aux pommes (garniture farine, oeufs, crème, sucre, calvados), artisanale	313	4.4	38.7	15	produits sucrés
Tarte ou quiche salée (aliment moyen)	268	8	24.3	15.1	entrées et plats composés
Tarte ou tartelette aux fruits (aliment moyen)	245	3.2	34.1	10	produits sucrés
Tarte ou tartelette aux pommes	227	2.5	32.7	8.8	produits sucrés
Tarte ou tourte aux poireaux, préemballée	229	5.3	20.9	13.3	entrées et plats composés
Tarte tatin aux pommes	245	1.8	38.1	9.2	produits sucrés
Tarte à l'oignon, préemballée	280	7	23.5	17.2	entrées et plats composés
Tarte à la provençale, préemballée	224	5.3	21.8	12.5	entrées et plats composés
Tarte à la tomate, préemballée	225	6	23.4	11.6	entrées et plats composés
Tarte épinard chèvre, préemballée	233	6.7	21.3	13.1	entrées et plats composés
Tartiflette (pommes de terre, reblochon, lardons…), préemballée	161	6	13.5	8.9	entrées et plats composés
Tartine craquante extrudée, classique	385	9	75.8	3.6	produits céréaliers
Tartine craquante extrudées, source ou riche en fibres	376	9.9	71.3	3.5	produits céréaliers
Tartine craquante, extrudée et grillée, fourrée au chocolat	445	7.9	65.4	15.6	produits sucrés
Tartine craquante, extrudée et grillée, fourrée aux fruits	372	4.2	74.9	5.1	produits sucrés
Tartine croustillante au seigle, source ou riche en fibres	342	9.3	57.4	3	produits céréaliers
Tempeh	157	16.1	7.9	4.7	aides culinaires et ingrédients divers
Terrine de canard	322	13.2	5.6	27.1	viandes, oeufs, poissons
Terrine de fruits de mer (par ex. de Saint-Jacques), avec ou sans poisson, préemballée	190	9.1	7.9	13.3	viandes, oeufs, poissons
Terrine de lapin	266	19	6.4	18	viandes, oeufs, poissons
Terrine de poisson, préemballée	205	9	4.2	16.7	viandes, oeufs, poissons
Terrine ou mousse de légumes, premballée	140	6.7	5.5	9.6	entrées et plats composés
Thon albacore, au naturel, appertisé, égoutté	127	24.8	3.7	1.5	viandes, oeufs, poissons
Thon albacore, cru	112	25	1	0.9	viandes, oeufs, poissons
Thon germon ou thon blanc, cru	121	27.2	0	1.4	viandes, oeufs, poissons
Thon germon ou thon blanc, cuit à la vapeur sous pression	165	30	0	5.1	viandes, oeufs, poissons
Thon germon ou thon blanc, à l'huile d'olive, appertisé, égoutté	192	31.3	1	7	viandes, oeufs, poissons
Thon listao ou bonite à ventre rayé, cru	97.1	22	0	1	viandes, oeufs, poissons
Thon rouge, cru	157	23.3	0.6	6.8	viandes, oeufs, poissons
Thon à l'huile de tournesol, entier, appertisé, égoutté	206	23.3	0.8	12.2	viandes, oeufs, poissons
Thon à l'huile de tournesol, miettes, appertisées, égouttées	227	23.4	0	14.8	viandes, oeufs, poissons
Thon à la tomate, miettes, appertisées, égouttées	140	13	4.3	7.7	viandes, oeufs, poissons
Thon, au naturel, appertisé, égoutté	143	26.8	0	3.9	viandes, oeufs, poissons
Thon, cru	155	24	2.7	5.4	viandes, oeufs, poissons
Thon, rôti/cuit au four	136	29.9	0	1.8	viandes, oeufs, poissons
Thon, à la catalane ou à l'escabèche (sauce tomate), appertisé	149	12	6	8.6	viandes, oeufs, poissons
Thym, frais	107	5.6	10.5	1.7	aides culinaires et ingrédients divers
Thym, séché	285	9.1	26.9	7.4	aides culinaires et ingrédients divers
Thé infusé, sans sucres ajoutés	0.4	0.1	0	0	eaux et autres boissons
Thé noir, infusé, sans sucres ajoutés	1.3	0	0.3	0	eaux et autres boissons
Thé vert, infusé, sans sucres ajoutés	5.1	0	1.1	0	eaux et autres boissons
Thé, feuille	232	19.4	6.3	2	eaux et autres boissons
Tielle sétoise, préemballée	285	8.5	29.4	14.4	entrées et plats composés
Tilapia, cru	91.6	18.1	0	2.1	viandes, oeufs, poissons
Tiramisu au café, rayon frais	242	4.2	30.2	9.8	produits laitiers
Tiramisu aux fruits, rayon frais	220	3.6	32.1	8.3	produits laitiers
Tisane infusée ou infusion, sans sucres ajoutés	0.8	0	0.2	0	eaux et autres boissons
Toast ou pain grillé brioché aux raisins secs, tranches, préemballé	405	10.7	74.3	5.9	produits céréaliers
Toasts ou canapés salés, garnitures diverses, préemballés	251	9.1	22.4	13.3	entrées et plats composés
Tofu fumé, préemballé	164	14.9	2.9	9.5	aides culinaires et ingrédients divers
Tofu nature, préemballé	147	13.4	2.9	8.5	aides culinaires et ingrédients divers
Tofu soyeux, préemballé	54.3	4.6	1.5	2.9	aides culinaires et ingrédients divers
Tomate allongée, crue	18.8		3.3	0	fruits, légumes, légumineuses et oléagineux
Tomate cerise, crue	31.8	1.3	5.6	0	fruits, légumes, légumineuses et oléagineux
Tomate côtelée ou coeur de boeuf, crue	17.4	0.5	3.4	0	fruits, légumes, légumineuses et oléagineux
Tomate farcie, préemballée	127	6	3	9.7	entrées et plats composés
Tomate grappe, crue	19.8	0.5	3.7	0	fruits, légumes, légumineuses et oléagineux
Tomate ronde, crue	17.5	0.5	3.4	0	fruits, légumes, légumineuses et oléagineux
Tomate sans précision, crue (aliment moyen)	19.2	0.6	3.7	0	fruits, légumes, légumineuses et oléagineux
Tomate verte, crue	24.8	1.2	4	0.2	fruits, légumes, légumineuses et oléagineux
Tomate à la provençale, fait maison	75.7	1.6	6.5	4.3	entrées et plats composés
Tomate, chair et peau, bouillie/cuite à l'eau	17.4	0.9	2.8	0.1	fruits, légumes, légumineuses et oléagineux
Tomate, chair et peau, cuite (aliment moyen)	19.8	1	3.1	0.2	fruits, légumes, légumineuses et oléagineux
Tomate, chair et peau, rôtie/cuite au four	24	1	3.5	0.4	fruits, légumes, légumineuses et oléagineux
Tomate, chair, appertisée	22.6	1.2	3.6	0	fruits, légumes, légumineuses et oléagineux
Tomate, concentré, appertisé	99.2	4.4	17.1	0.5	fruits, légumes, légumineuses et oléagineux
Tomate, coulis, appertisé (purée de tomates mi-réduite à 11%)	45.5	2	7.6	0.2	fruits, légumes, légumineuses et oléagineux
Tomate, double concentré, appertisé	99.5	3.8	19.3	0.5	fruits, légumes, légumineuses et oléagineux
Tomate, pelée, appertisée, au jus, non égouttée	21.8	0.8	3.1	0.2	fruits, légumes, légumineuses et oléagineux
Tomate, pelée, appertisée, égouttée	16.4	0.9	1.6	0.3	fruits, légumes, légumineuses et oléagineux
Tomate, purée, appertisée	47.6	1.5	8.4	0.2	fruits, légumes, légumineuses et oléagineux
Tome des Bauges	381	26.6	0	30.8	produits laitiers
Tomme ou tome de Savoie	361	23.5	1	29.2	produits laitiers
Tomme ou tome de vache	364	21.6	3.4	29.4	produits laitiers
Tomme ou tome des Pyrénées	340	22.1	0.7	27.9	produits laitiers
Tomme ou tome, allégée en matière grasse	240	31	0	13.2	produits laitiers
Tonic ou bitter, sans précision sur la teneur en sucres et édulcorants (aliment moyen)	28.8	0	7.2	0	eaux et autres boissons
Tonic ou bitter, sans sucres ajoutés, avec édulcorants	0.2	0	0.1	0	eaux et autres boissons
Tonic ou bitter, sucré	33.1	0	8.3	0	eaux et autres boissons
Tonic ou bitter, sucré, avec édulcorants	22.2	0	5.5	0	eaux et autres boissons
Topinambour, cru	74.7	2	15.8	0	fruits, légumes, légumineuses et oléagineux
Topinambour, cuit	69.3	1.8	14.4	0	fruits, légumes, légumineuses et oléagineux
Tortilla espagnole aux oignons (omelette aux pommes de terre et oignons), préemballée	165	5.6	11.7	9.9	viandes, oeufs, poissons
Tortilla souple (à garnir), à base de blé	320	8	53	7.5	produits céréaliers
Tortilla souple (à garnir), à base de maïs	316	6.1	58	5.6	produits céréaliers
Tournesol, graine	653	21.3	10.1	55.5	fruits, légumes, légumineuses et oléagineux
Tournesol, graine, grillé, salé	626	21.2	12.7	51	fruits, légumes, légumineuses et oléagineux
Tourte au riesling (porc, riesling, champignons), préemballée	251	10.2	23.7	12.6	entrées et plats composés
Tripes à la mode de Caen (estomac et pied de boeuf, carottes…), préemballées	120	20.4	0.5	3.7	entrées et plats composés
Tripes à la tomate ou à la provençale, préemballées	100	17.5	0.6	3.1	entrées et plats composés
Tripes, boeuf, crues	81.5	12.1	0	3.7	viandes, oeufs, poissons
Truite arc en ciel, élevage, crue	132	19	0	6.2	viandes, oeufs, poissons
Truite arc en ciel, élevage, cuite à la vapeur	117	20	0	4.1	viandes, oeufs, poissons
Truite arc en ciel, élevage, rôtie/cuite au four	143	21.5	0	6.3	viandes, oeufs, poissons
Truite de mer, crue	114	19.6	0.8	3.6	viandes, oeufs, poissons
Truite ou truite fario, cuite à la vapeur	99.4	19	0	2.6	viandes, oeufs, poissons
Truite ou truite fario, élevage, crue	133	19.3	0	6.2	viandes, oeufs, poissons
Truite saumonée, crue	143	19.2	0	7.4	viandes, oeufs, poissons
Truite saumonée, sautée/poêlée	146	22	0	6.4	viandes, oeufs, poissons
Truite, rôtie/cuite au four	183	26.6	0	8.5	viandes, oeufs, poissons
Truite, élevage, fumée	171	22.3	3.2	7.7	viandes, oeufs, poissons
Turbot, cru	85.5	17.9	0	1.6	viandes, oeufs, poissons
Turbot, rôti/cuit au four	121	21.3	0.8	3.6	viandes, oeufs, poissons
Turbot, sauvage, cru	91.5	17.2	0	2.5	viandes, oeufs, poissons
Turbot, élevage, cru	109	18.3	0	3.9	viandes, oeufs, poissons
Tzatziki à base de fromage frais, préemballé	132	6.5	3	10.2	aides culinaires et ingrédients divers
Tzatziki à base de yaourt, préemballé	138	6.2	3.8	10.9	aides culinaires et ingrédients divers
Tétragone cornue, cuite	13.5	1.3	1	0.2	fruits, légumes, légumineuses et oléagineux
Tête de moine	415	26	0.5	34.5	produits laitiers
Valençay (fromage de chèvre)	295	18.9	0.6	24.3	produits laitiers
Vanille, extrait alcoolique	240	0.1	2.4	0	aides culinaires et ingrédients divers
Vanille, extrait aqueux	57.7	0	14.4	0	aides culinaires et ingrédients divers
Veau, carré cru	128	19.3	0.4	5.4	viandes, oeufs, poissons
Veau, carré grillé/poêlé	171	28	0	6.6	viandes, oeufs, poissons
Veau, collier braisé ou bouilli	233	34.9	0	10.4	viandes, oeufs, poissons
Veau, collier cru	133	19.8	0	5.9	viandes, oeufs, poissons
Veau, côte crue	189	18.3	0	12.9	viandes, oeufs, poissons
Veau, côte grillée/poêlée	156	25.1	0	6.2	viandes, oeufs, poissons
Veau, escalope crue	114	20.5	0.6	3.3	viandes, oeufs, poissons
Veau, escalope cuite	147	31	0	2.5	viandes, oeufs, poissons
Veau, filet cru	95	20.6	0	1.4	viandes, oeufs, poissons
Veau, filet rôti/cuit au four	212	24.8	0.5	12.3	viandes, oeufs, poissons
Veau, jarret braisé ou bouilli	207	37.4	0	6.4	viandes, oeufs, poissons
Veau, jarret cru	118	21.3	0	3.7	viandes, oeufs, poissons
Veau, noix grillée/poêlée	147	29.1	0	3.4	viandes, oeufs, poissons
Veau, noix rôtie/cuite au four	147	29.1	0	3.4	viandes, oeufs, poissons
Veau, noix,crue	111	21.8	0	2.6	viandes, oeufs, poissons
Veau, pied cru	184	19.1	0	12	viandes, oeufs, poissons
Veau, poitrine crue	203	17.5	0	14.8	viandes, oeufs, poissons
Veau, rôti cru	145	27.3	0	4	viandes, oeufs, poissons
Veau, rôti cuit	143	28.1	0	3.4	viandes, oeufs, poissons
Veau, steak haché 15% MG cru	208	18.2	0	15	viandes, oeufs, poissons
Veau, steak haché 20% MG cru	243	16.7	0.4	19.5	viandes, oeufs, poissons
Veau, tête, bouillie/cuite à l'eau	187	21	0	11.4	viandes, oeufs, poissons
Veau, viande, cuite (aliment moyen)	164	29.1	0	5.2	viandes, oeufs, poissons
Veau, épaule braisée ou bouillie	219	36.4	0	8.1	viandes, oeufs, poissons
Veau, épaule crue	124	20.7	0	4.6	viandes, oeufs, poissons
Veau, épaule grillée/poêlée	166	27.6	0	6.2	viandes, oeufs, poissons
Vermicelle de riz, cuite, sans sel ajouté	86.6	1.4	20.1	0	produits céréaliers
Vermicelle de soja, cuite, sans sel ajouté	60	0.3	14.4	0.1	produits céréaliers
Vermicelles de riz sèches, crues	365	7.4	80.5	1	produits céréaliers
Vermicelles de soja sèches, crues	343	0.3	84.7	0.1	produits céréaliers
Vermicelles multicolores	389	1.2	95.6	0.1	produits sucrés
Viande blanche, cuite (aliment moyen)	177	28	0.1	7.1	viandes, oeufs, poissons
Viande cuite (aliment moyen)	174	27.2	0.1	7.2	viandes, oeufs, poissons
Viande des Grisons	207	38.9	0.6	5.5	viandes, oeufs, poissons
Viande en sauce (aliment moyen)	109	11.7	4.2	4.7	entrées et plats composés
Viande rouge, cuite (aliment moyen)	170	26.3	0	7.2	viandes, oeufs, poissons
Viennoiserie (aliment moyen)	385	7.6	49	17	produits sucrés
Vin (aliment moyen)	76.7	0.2	1	0	eaux et autres boissons
Vin blanc mousseux	72.3	0.1	1.8	0	eaux et autres boissons
Vin blanc mousseux aromatisé	83.5	0.2	5.1	0	eaux et autres boissons
Vin blanc sec	55.3	0.2	0.2	0	eaux et autres boissons
Vin cuisiné (alcool évaporé)	15	0.1	3.7	0	aides culinaires et ingrédients divers
Vin doux	148	0.2	10	0	eaux et autres boissons
Vin rosé	69.2	0.1	1.4	0	eaux et autres boissons
Vin rouge	75.7	0.2	0	0	eaux et autres boissons
Vinaigre	22.5	0	0.9	0.1	aides culinaires et ingrédients divers
Vinaigre balsamique	91.7	0.7	18	0	aides culinaires et ingrédients divers
Vinaigre de vin rouge	20.6	0.2	0	0	aides culinaires et ingrédients divers
Vivaneau, cru	94.1	20.5	0	1.3	viandes, oeufs, poissons
Vivaneau, cuit	121	26.3	0	1.7	viandes, oeufs, poissons
Vodka	250	0	0	0	eaux et autres boissons
Volaille, cuite (aliment moyen)	167	27.3	0	6.4	viandes, oeufs, poissons
Volaille, viande cuite (aliment moyen)	152	27.8	0	4.4	viandes, oeufs, poissons
Wakamé atlantique (Alaria esculenta), séché ou déshydraté	201	12.2	13.3	1.5	aides culinaires et ingrédients divers
Whisky	252	0	0.1	0	eaux et autres boissons
Wrap jambon crudités	234	8.6	25.2	10.4	entrées et plats composés
Wrap poulet crudités	222	9.6	23.6	9.2	entrées et plats composés
Wrap végétarien fromage crudités	246	9.3	19.5	13.8	entrées et plats composés
Yakitori (brochettes japonaises grillées en sauce)	172	26	9.3	3.3	entrées et plats composés
Yaourt au lait de brebis, aromatisé, sucré	93.1	5	9.2	3.7	produits laitiers
Yaourt au lait de brebis, nature, 3% MG environ	66.5	5.6	3.5	3	produits laitiers
Yaourt au lait de brebis, nature, 6% MG environ	98.9	5.4	4	6.8	produits laitiers
Yaourt au lait de brebis, sur lit de fruits, sucré	112	4.3	15.2	3.7	produits laitiers
Yaourt au lait de chèvre, aux fruits, sucré	99.9	3.8	11.6	4.3	produits laitiers
Yaourt au lait de chèvre, nature	74.4	4.3	2.5	4.9	produits laitiers
Yaourt au lait de chèvre, sur lit de fruits, sucré	107	3.9	13.2	4.4	produits laitiers
Yaourt ou lait fermenté, aromatisé ou aux fruits (aliment moyen)	87.5	3.3	11.9	2.6	produits laitiers
Yaourt ou lait fermenté, aromatisé ou aux fruits, 0% MG (aliment moyen)	47.2	4.5	6.1	0.1	produits laitiers
Yaourt ou lait fermenté, aromatisé ou aux fruits, avec édulcorants (aliment moyen)	47.2	4.5	6.1	0.1	produits laitiers
Yaourt ou lait fermenté, aromatisé ou aux fruits, non allégé en matière grasse (aliment moyen)	91.6	3.1	12.5	2.9	produits laitiers
Yaourt ou lait fermenté, aromatisé ou aux fruits, non allégé en matière grasse, sucré (aliment moyen)	91.8	3.2	12.6	2.9	produits laitiers
Yaourt ou lait fermenté, aromatisé ou aux fruits, sucré (aliment moyen)	91.9	3.2	12.6	2.9	produits laitiers
Yaourt ou lait fermenté, aromatisé, 0% MG, avec édulcorants	54.4	5.1	7.7	0.1	produits laitiers
Yaourt ou lait fermenté, aromatisé, 0% MG, avec édulcorants, enrichi en vitamine D	52.3	4.6	7.8	0.4	produits laitiers
Yaourt ou lait fermenté, aromatisé, sucré	86.1	3.1	12.7	2.2	produits laitiers
Yaourt ou lait fermenté, aromatisé, sucré, enrichi en vitamine D	71.4	3.2	11.7	1.1	produits laitiers
Yaourt ou lait fermenté, aromatisé, à la crème, sucré	123	3	13	6.6	produits laitiers
Yaourt ou lait fermenté, aux copeaux de chocolat, à la crème, sucré	126	3.6	14.9	5.5	produits laitiers
Yaourt ou lait fermenté, aux céréales	111	3.6	16	3.4	produits laitiers
Yaourt ou lait fermenté, aux fruits (aliment moyen)	91.2	3.3	11.7	3.1	produits laitiers
Yaourt ou lait fermenté, aux fruits, 0% MG, avec édulcorants	45.1	4.4	5.7	0	produits laitiers
Yaourt ou lait fermenté, aux fruits, 0% MG, avec édulcorants, enrichi en vitamine D	45.5	4.3	6	0	produits laitiers
Yaourt ou lait fermenté, aux fruits, sucré	88.9	3.2	12.6	2.4	produits laitiers
Yaourt ou lait fermenté, aux fruits, sucré, enrichi en vitamine D	89.5	3.3	12.3	2.6	produits laitiers
Yaourt ou lait fermenté, aux fruits, à la crème, sucré	113	2.7	13.4	5.1	produits laitiers
Yaourt ou lait fermenté, nature	50.1	3.8	4.3	1.7	produits laitiers
Yaourt ou lait fermenté, nature ou aux fruits (aliment moyen)	72.9	3.7	8	2.6	produits laitiers
Yaourt ou lait fermenté, nature, 0% MG	39.1	4.2	4.9	0	produits laitiers
Yaourt ou lait fermenté, nature, 0% MG, enrichi en vitamine D	38.5	4.6	4.9	0.2	produits laitiers
Yaourt ou lait fermenté, nature, enrichi en vitamine D	63.4	4.3	4.4	2.9	produits laitiers
Yaourt ou lait fermenté, nature, sans précision sur teneur en matière grasse et sucre (aliment moyen)	62.3	3.9	5.8	2.3	produits laitiers
Yaourt ou lait fermenté, nature, sucré	81.7	2.9	10.7	2.8	produits laitiers
Yaourt ou lait fermenté, nature, sucré, enrichi en vitamine D	85.4	3.1	10.9	3	produits laitiers
Yaourt ou lait fermenté, nature, à la crème	107	3.2	3.8	8.5	produits laitiers
Yaourt ou lait fermenté, sur lit de fruits, sucré	97.6	4.1	14	2.8	produits laitiers
Yaourt ou lait fermenté, sur lit de fruits, à la crème, sucré	126	2.6	14.2	6.5	produits laitiers
Yaourt à la grecque aromatisé, sucré	134	2.4	14.2	7.5	produits laitiers
Yaourt à la grecque nature	103	3	3.7	8.2	produits laitiers
Yaourt à la grecque nature, au lait de brebis	124	4.8	4.3	9.8	produits laitiers
Yaourt à la grecque sur lit de fruits, sucré	126	2.3	14.4	6.5	produits laitiers
Échalote, crue	61.7	1.8	12.2	0	fruits, légumes, légumineuses et oléagineux
Échalote, cuite	69.3	2.1	13.5	0	fruits, légumes, légumineuses et oléagineux
Échalote, sautée/poêlée sans matière grasse	67.3	2	12.3	0.4	fruits, légumes, légumineuses et oléagineux
Éclair	264	5.8	31.6	11.8	produits sucrés
Écrevisse, crue	68.3	14.8	0.8	0.6	viandes, oeufs, poissons
Écrevisse, cuite	73.5	16.3	0.6	0.7	viandes, oeufs, poissons
Édulcorant à base d'extrait de stévia	1.2	0.2	0.3	0	produits sucrés
Édulcorant à l'aspartame, en pastilles	44	11		0	produits sucrés
Édulcorant à l'aspartame, en poudre	18.6	1	3.7	0	produits sucrés
Édulcorant à la saccharine	5	1.2	0	0	produits sucrés
Églefin, cru	76.2	17.3	1	0.3	viandes, oeufs, poissons
Églefin, cuit à la vapeur	89	20.9	0	0.6	viandes, oeufs, poissons
Églefin, grillé/poêlé	84.9	20	0	0.6	viandes, oeufs, poissons
Épaule de porc, cuite, choix, découennée dégraissée	124	18	2.8	4.5	viandes, oeufs, poissons
Épaule de porc, cuite, standard, découennée dégraissée	123	13.7	2.9	6	viandes, oeufs, poissons
Épeautre, cru	344	14.6	59.5	2.4	produits céréaliers
Éperlan, cru	85.4	17.5	0	1.7	viandes, oeufs, poissons
Épinard à la crème, préemballé	57.3	2.5	4.1	2.9	entrées et plats composés
Épinard, appertisé, égoutté	24.5	2.8	0.9	0.5	fruits, légumes, légumineuses et oléagineux
Épinard, bouilli/cuit à l'eau	26.8	3.4	0	0.7	fruits, légumes, légumineuses et oléagineux
Épinard, cru	33.3	2.7	3.1	0.4	fruits, légumes, légumineuses et oléagineux
Épinard, cuit	19.6	3.2	0.2	0.1	fruits, légumes, légumineuses et oléagineux
Épinard, jeunes pousses pour salades, cru	17	2.1	0	0.4	fruits, légumes, légumineuses et oléagineux
Époisses	286	17.6	0	24	produits laitiers
